Timestamp,Date,Hour,Queue,Scheduled_Agents,LoggedIn_Agents,Calls_Offered,Calls_Answered,Calls_Abandoned,Abandonment_Rate_pct,Avg_Handle_Time_sec,Occupancy,SLA_Target_pct,SLA_Actual_pct,Adherence_pct
2025-09-01 00:00:00,2025-09-01,0,Sales,6,4,17,17,0,0.0,294,0.347,80,98.8,68.7
2025-09-01 00:00:00,2025-09-01,0,Support,8,8,26,26,0,0.0,400,0.361,85,98.7,96.2
2025-09-01 00:00:00,2025-09-01,0,Billing,3,3,5,5,0,0.0,331,0.153,90,95.9,95.7
2025-09-01 01:00:00,2025-09-01,1,Sales,6,6,29,29,0,0.0,361,0.485,80,94.5,100.0
2025-09-01 01:00:00,2025-09-01,1,Support,7,4,13,13,0,0.0,430,0.388,85,98.0,55.0
2025-09-01 01:00:00,2025-09-01,1,Billing,2,1,2,2,0,0.0,324,0.18,90,94.0,50.4
2025-09-01 02:00:00,2025-09-01,2,Sales,7,4,14,14,0,0.0,276,0.268,80,96.6,59.3
2025-09-01 02:00:00,2025-09-01,2,Support,8,8,26,26,0,0.0,431,0.389,85,99.7,100.0
2025-09-01 02:00:00,2025-09-01,2,Billing,3,2,3,3,0,0.0,336,0.14,90,93.5,68.9
2025-09-01 03:00:00,2025-09-01,3,Sales,5,5,19,19,0,0.0,328,0.346,80,97.8,100.0
2025-09-01 03:00:00,2025-09-01,3,Support,8,7,26,26,0,0.0,470,0.485,85,90.1,89.1
2025-09-01 03:00:00,2025-09-01,3,Billing,2,2,3,3,0,0.0,363,0.151,90,100.0,100.0
2025-09-01 04:00:00,2025-09-01,4,Sales,6,6,30,30,0,0.0,281,0.39,80,95.6,99.0
2025-09-01 04:00:00,2025-09-01,4,Support,9,8,29,29,0,0.0,429,0.432,85,98.3,90.8
2025-09-01 04:00:00,2025-09-01,4,Billing,3,2,3,3,0,0.0,353,0.147,90,98.9,67.2
2025-09-01 05:00:00,2025-09-01,5,Sales,5,5,21,21,0,0.0,266,0.31,80,99.4,99.7
2025-09-01 05:00:00,2025-09-01,5,Support,8,8,34,34,0,0.0,388,0.458,85,92.2,99.9
2025-09-01 05:00:00,2025-09-01,5,Billing,3,3,6,6,0,0.0,362,0.201,90,99.4,99.5
2025-09-01 06:00:00,2025-09-01,6,Sales,6,6,54,54,0,0.0,308,0.77,80,86.1,100.0
2025-09-01 06:00:00,2025-09-01,6,Support,14,13,110,87,23,20.9,467,0.868,85,70.9,91.7
2025-09-01 06:00:00,2025-09-01,6,Billing,2,1,3,3,0,0.0,360,0.3,90,94.8,50.9
2025-09-01 07:00:00,2025-09-01,7,Sales,6,6,51,51,0,0.0,281,0.663,80,91.2,100.0
2025-09-01 07:00:00,2025-09-01,7,Support,14,13,94,93,1,1.1,366,0.727,85,82.2,95.2
2025-09-01 07:00:00,2025-09-01,7,Billing,3,0,3,0,3,100.0,340,,90,98.7,1.7
2025-09-01 08:00:00,2025-09-01,8,Sales,12,10,123,89,34,27.6,343,0.848,80,69.9,83.3
2025-09-01 08:00:00,2025-09-01,8,Support,14,14,155,99,56,36.1,407,0.799,85,82.9,100.0
2025-09-01 08:00:00,2025-09-01,8,Billing,3,3,13,13,0,0.0,448,0.539,90,98.2,99.7
2025-09-01 09:00:00,2025-09-01,9,Sales,12,11,131,106,25,19.1,321,0.859,80,76.2,94.6
2025-09-01 09:00:00,2025-09-01,9,Support,13,12,128,94,34,26.6,433,0.942,85,66.2,92.1
2025-09-01 09:00:00,2025-09-01,9,Billing,6,4,14,14,0,0.0,370,0.36,90,96.2,62.0
2025-09-01 10:00:00,2025-09-01,10,Sales,12,10,138,100,38,27.5,294,0.817,80,75.3,81.6
2025-09-01 10:00:00,2025-09-01,10,Support,14,13,136,97,39,28.7,385,0.798,85,85.5,89.8
2025-09-01 10:00:00,2025-09-01,10,Billing,6,6,23,23,0,0.0,345,0.367,90,97.6,100.0
2025-09-01 11:00:00,2025-09-01,11,Sales,12,11,142,107,35,24.6,290,0.784,80,81.9,87.7
2025-09-01 11:00:00,2025-09-01,11,Support,14,14,136,113,23,16.9,434,0.973,85,66.0,99.3
2025-09-01 11:00:00,2025-09-01,11,Billing,6,6,20,20,0,0.0,323,0.299,90,92.0,98.5
2025-09-01 12:00:00,2025-09-01,12,Sales,11,11,131,131,0,0.0,286,0.946,80,67.3,96.9
2025-09-01 12:00:00,2025-09-01,12,Support,13,13,131,99,32,24.4,408,0.863,85,76.1,98.4
2025-09-01 12:00:00,2025-09-01,12,Billing,6,6,21,21,0,0.0,415,0.403,90,98.7,98.6
2025-09-01 13:00:00,2025-09-01,13,Sales,11,11,127,114,13,10.2,294,0.846,80,79.1,99.2
2025-09-01 13:00:00,2025-09-01,13,Support,15,14,203,109,94,46.3,425,0.919,85,69.5,94.5
2025-09-01 13:00:00,2025-09-01,13,Billing,7,5,23,23,0,0.0,364,0.465,90,100.0,72.4
2025-09-01 14:00:00,2025-09-01,14,Sales,12,11,125,98,27,21.6,311,0.77,80,80.1,90.8
2025-09-01 14:00:00,2025-09-01,14,Support,14,14,113,111,2,1.8,416,0.916,85,74.3,97.5
2025-09-01 14:00:00,2025-09-01,14,Billing,6,5,22,22,0,0.0,336,0.411,90,97.8,86.7
2025-09-01 15:00:00,2025-09-01,15,Sales,12,11,149,149,0,0.0,255,0.959,80,61.1,88.6
2025-09-01 15:00:00,2025-09-01,15,Support,14,13,139,93,46,33.1,432,0.858,85,68.0,89.8
2025-09-01 15:00:00,2025-09-01,15,Billing,5,5,22,22,0,0.0,336,0.411,90,97.6,97.3
2025-09-01 16:00:00,2025-09-01,16,Sales,11,11,162,139,23,14.2,219,0.769,80,89.2,100.0
2025-09-01 16:00:00,2025-09-01,16,Support,15,13,122,83,39,32.0,434,0.77,85,86.3,88.4
2025-09-01 16:00:00,2025-09-01,16,Billing,6,6,27,27,0,0.0,353,0.441,90,93.6,99.4
2025-09-01 17:00:00,2025-09-01,17,Sales,13,12,147,114,33,22.4,311,0.821,80,83.7,90.3
2025-09-01 17:00:00,2025-09-01,17,Support,14,14,125,99,26,20.8,448,0.88,85,68.3,100.0
2025-09-01 17:00:00,2025-09-01,17,Billing,3,2,8,8,0,0.0,382,0.424,90,93.7,66.8
2025-09-01 18:00:00,2025-09-01,18,Sales,12,10,121,121,0,0.0,280,0.941,80,67.0,83.0
2025-09-01 18:00:00,2025-09-01,18,Support,8,8,73,53,20,27.4,430,0.791,85,79.1,100.0
2025-09-01 18:00:00,2025-09-01,18,Billing,4,3,11,11,0,0.0,340,0.346,90,97.3,75.9
2025-09-01 19:00:00,2025-09-01,19,Sales,12,12,133,123,10,7.5,275,0.783,80,77.5,99.0
2025-09-01 19:00:00,2025-09-01,19,Support,8,8,61,51,10,16.4,418,0.74,85,87.4,100.0
2025-09-01 19:00:00,2025-09-01,19,Billing,4,4,17,17,0,0.0,310,0.366,90,100.0,100.0
2025-09-01 20:00:00,2025-09-01,20,Sales,6,5,41,41,0,0.0,289,0.658,80,97.1,81.9
2025-09-01 20:00:00,2025-09-01,20,Support,7,7,52,52,0,0.0,424,0.875,85,79.0,100.0
2025-09-01 20:00:00,2025-09-01,20,Billing,3,2,5,5,0,0.0,383,0.266,90,96.1,64.9
2025-09-01 21:00:00,2025-09-01,21,Sales,6,5,22,22,0,0.0,284,0.347,80,97.2,85.2
2025-09-01 21:00:00,2025-09-01,21,Support,9,9,67,67,0,0.0,401,0.829,85,81.4,100.0
2025-09-01 21:00:00,2025-09-01,21,Billing,3,1,3,3,0,0.0,349,0.291,90,98.7,31.6
2025-09-01 22:00:00,2025-09-01,22,Sales,6,6,31,31,0,0.0,303,0.435,80,97.7,100.0
2025-09-01 22:00:00,2025-09-01,22,Support,8,8,30,30,0,0.0,428,0.446,85,99.8,100.0
2025-09-01 22:00:00,2025-09-01,22,Billing,3,3,3,3,0,0.0,346,0.096,90,100.0,100.0
2025-09-01 23:00:00,2025-09-01,23,Sales,6,5,20,20,0,0.0,274,0.304,80,100.0,84.3
2025-09-01 23:00:00,2025-09-01,23,Support,8,8,26,26,0,0.0,421,0.38,85,100.0,100.0
2025-09-01 23:00:00,2025-09-01,23,Billing,3,3,4,4,0,0.0,346,0.128,90,94.5,100.0
2025-09-02 00:00:00,2025-09-02,0,Sales,6,6,28,28,0,0.0,295,0.382,80,98.1,99.9
2025-09-02 00:00:00,2025-09-02,0,Support,8,8,27,27,0,0.0,422,0.396,85,98.4,100.0
2025-09-02 00:00:00,2025-09-02,0,Billing,3,2,3,3,0,0.0,337,0.14,90,100.0,67.3
2025-09-02 01:00:00,2025-09-02,1,Sales,6,5,23,23,0,0.0,288,0.368,80,95.4,82.6
2025-09-02 01:00:00,2025-09-02,1,Support,8,7,30,30,0,0.0,349,0.415,85,99.7,90.5
2025-09-02 01:00:00,2025-09-02,1,Billing,3,3,5,5,0,0.0,417,0.193,90,100.0,95.8
2025-09-02 02:00:00,2025-09-02,2,Sales,7,7,29,29,0,0.0,299,0.344,80,94.2,100.0
2025-09-02 02:00:00,2025-09-02,2,Support,7,6,24,24,0,0.0,425,0.472,85,99.7,82.2
2025-09-02 02:00:00,2025-09-02,2,Billing,3,3,5,5,0,0.0,435,0.201,90,95.6,100.0
2025-09-02 03:00:00,2025-09-02,3,Sales,5,5,22,22,0,0.0,318,0.389,80,99.4,98.5
2025-09-02 03:00:00,2025-09-02,3,Support,8,7,22,22,0,0.0,348,0.304,85,98.8,92.3
2025-09-02 03:00:00,2025-09-02,3,Billing,3,3,5,5,0,0.0,343,0.159,90,99.9,99.0
2025-09-02 04:00:00,2025-09-02,4,Sales,7,6,29,29,0,0.0,270,0.362,80,99.5,86.7
2025-09-02 04:00:00,2025-09-02,4,Support,8,8,31,31,0,0.0,436,0.469,85,98.7,100.0
2025-09-02 04:00:00,2025-09-02,4,Billing,3,1,1,1,0,0.0,384,0.107,90,100.0,30.9
2025-09-02 05:00:00,2025-09-02,5,Sales,6,6,28,28,0,0.0,261,0.338,80,93.4,100.0
2025-09-02 05:00:00,2025-09-02,5,Support,8,8,28,28,0,0.0,390,0.379,85,100.0,100.0
2025-09-02 05:00:00,2025-09-02,5,Billing,3,3,5,5,0,0.0,389,0.18,90,95.3,99.2
2025-09-02 06:00:00,2025-09-02,6,Sales,6,6,72,61,11,15.3,306,0.864,80,71.4,98.0
2025-09-02 06:00:00,2025-09-02,6,Support,14,13,109,84,25,22.9,520,0.933,85,74.0,95.2
2025-09-02 06:00:00,2025-09-02,6,Billing,4,4,11,11,0,0.0,370,0.283,90,93.6,100.0
2025-09-02 07:00:00,2025-09-02,7,Sales,6,6,61,61,0,0.0,305,0.861,80,71.7,100.0
2025-09-02 07:00:00,2025-09-02,7,Support,14,14,93,86,7,7.5,443,0.756,85,82.6,100.0
2025-09-02 07:00:00,2025-09-02,7,Billing,3,3,10,10,0,0.0,349,0.323,90,93.9,98.4
2025-09-02 08:00:00,2025-09-02,8,Sales,12,11,160,125,35,21.9,316,0.997,80,61.5,88.6
2025-09-02 08:00:00,2025-09-02,8,Support,15,14,133,133,0,0.0,326,0.86,85,75.5,95.4
2025-09-02 08:00:00,2025-09-02,8,Billing,3,3,13,13,0,0.0,340,0.409,90,93.5,100.0
2025-09-02 09:00:00,2025-09-02,9,Sales,12,12,138,132,6,4.3,261,0.797,80,77.5,97.3
2025-09-02 09:00:00,2025-09-02,9,Support,14,14,184,116,68,37.0,356,0.819,85,76.5,100.0
2025-09-02 09:00:00,2025-09-02,9,Billing,6,5,16,16,0,0.0,394,0.35,90,100.0,82.6
2025-09-02 10:00:00,2025-09-02,10,Sales,12,12,132,132,0,0.0,306,0.935,80,70.6,100.0
2025-09-02 10:00:00,2025-09-02,10,Support,15,13,96,84,12,12.5,424,0.761,85,84.5,91.8
2025-09-02 10:00:00,2025-09-02,10,Billing,6,5,26,26,0,0.0,364,0.526,90,99.3,83.4
2025-09-02 11:00:00,2025-09-02,11,Sales,12,10,94,87,7,7.4,301,0.727,80,83.8,86.1
2025-09-02 11:00:00,2025-09-02,11,Support,14,14,144,105,39,27.1,446,0.929,85,71.0,100.0
2025-09-02 11:00:00,2025-09-02,11,Billing,6,5,25,25,0,0.0,382,0.531,90,96.0,82.6
2025-09-02 12:00:00,2025-09-02,12,Sales,13,12,158,118,40,25.3,311,0.849,80,75.7,92.2
2025-09-02 12:00:00,2025-09-02,12,Support,14,13,101,101,0,0.0,375,0.809,85,77.8,90.8
2025-09-02 12:00:00,2025-09-02,12,Billing,7,6,26,26,0,0.0,354,0.426,90,100.0,84.2
2025-09-02 13:00:00,2025-09-02,13,Sales,12,12,138,107,31,22.5,300,0.743,80,86.1,98.2
2025-09-02 13:00:00,2025-09-02,13,Support,14,14,135,114,21,15.6,389,0.88,85,79.7,99.4
2025-09-02 13:00:00,2025-09-02,13,Billing,6,6,27,27,0,0.0,393,0.491,90,97.6,100.0
2025-09-02 14:00:00,2025-09-02,14,Sales,11,10,130,109,21,16.2,295,0.893,80,72.9,90.7
2025-09-02 14:00:00,2025-09-02,14,Support,15,15,108,107,1,0.9,439,0.87,85,73.3,100.0
2025-09-02 14:00:00,2025-09-02,14,Billing,6,5,19,19,0,0.0,352,0.372,90,100.0,81.2
2025-09-02 15:00:00,2025-09-02,15,Sales,12,11,159,155,4,2.5,257,1.006,80,59.7,93.0
2025-09-02 15:00:00,2025-09-02,15,Support,14,14,164,103,61,37.2,454,0.928,85,70.6,100.0
2025-09-02 15:00:00,2025-09-02,15,Billing,7,6,26,26,0,0.0,360,0.433,90,96.9,83.2
2025-09-02 16:00:00,2025-09-02,16,Sales,12,12,133,88,45,33.8,363,0.739,80,87.3,100.0
2025-09-02 16:00:00,2025-09-02,16,Support,14,14,165,112,53,32.1,408,0.907,85,62.3,97.5
2025-09-02 16:00:00,2025-09-02,16,Billing,6,6,26,26,0,0.0,401,0.483,90,100.0,100.0
2025-09-02 17:00:00,2025-09-02,17,Sales,12,12,179,147,32,17.9,254,0.864,80,76.7,100.0
2025-09-02 17:00:00,2025-09-02,17,Support,14,14,128,122,6,4.7,413,1.0,85,58.5,100.0
2025-09-02 17:00:00,2025-09-02,17,Billing,3,3,11,11,0,0.0,344,0.35,90,97.4,100.0
2025-09-02 18:00:00,2025-09-02,18,Sales,11,11,155,121,34,21.9,304,0.929,80,67.0,96.8
2025-09-02 18:00:00,2025-09-02,18,Support,9,9,85,54,31,36.5,441,0.735,85,83.2,100.0
2025-09-02 18:00:00,2025-09-02,18,Billing,4,3,12,12,0,0.0,316,0.351,90,98.2,74.0
2025-09-02 19:00:00,2025-09-02,19,Sales,12,12,148,98,50,33.8,314,0.712,80,86.4,100.0
2025-09-02 19:00:00,2025-09-02,19,Support,8,8,86,49,37,43.0,460,0.783,85,88.9,96.3
2025-09-02 19:00:00,2025-09-02,19,Billing,4,3,15,15,0,0.0,451,0.626,90,97.7,70.5
2025-09-02 20:00:00,2025-09-02,20,Sales,6,6,53,53,0,0.0,279,0.685,80,89.8,98.2
2025-09-02 20:00:00,2025-09-02,20,Support,8,8,54,54,0,0.0,453,0.849,85,75.9,100.0
2025-09-02 20:00:00,2025-09-02,20,Billing,3,2,6,6,0,0.0,361,0.301,90,99.9,65.9
2025-09-02 21:00:00,2025-09-02,21,Sales,6,6,45,45,0,0.0,313,0.652,80,91.1,100.0
2025-09-02 21:00:00,2025-09-02,21,Support,8,6,39,39,0,0.0,399,0.72,85,89.1,73.4
2025-09-02 21:00:00,2025-09-02,21,Billing,3,3,10,10,0,0.0,385,0.356,90,92.3,99.6
2025-09-02 22:00:00,2025-09-02,22,Sales,6,6,32,32,0,0.0,305,0.452,80,97.3,100.0
2025-09-02 22:00:00,2025-09-02,22,Support,8,8,30,30,0,0.0,396,0.412,85,96.2,98.6
2025-09-02 22:00:00,2025-09-02,22,Billing,2,0,2,0,2,100.0,359,,90,100.0,0.0
2025-09-02 23:00:00,2025-09-02,23,Sales,6,6,18,18,0,0.0,265,0.221,80,99.9,100.0
2025-09-02 23:00:00,2025-09-02,23,Support,8,8,34,34,0,0.0,458,0.541,85,100.0,99.8
2025-09-02 23:00:00,2025-09-02,23,Billing,3,2,3,3,0,0.0,386,0.161,90,94.2,69.6
2025-09-03 00:00:00,2025-09-03,0,Sales,6,6,29,29,0,0.0,308,0.414,80,99.4,100.0
2025-09-03 00:00:00,2025-09-03,0,Support,8,8,30,30,0,0.0,462,0.481,85,96.0,100.0
2025-09-03 00:00:00,2025-09-03,0,Billing,3,3,4,4,0,0.0,364,0.135,90,96.1,100.0
2025-09-03 01:00:00,2025-09-03,1,Sales,6,6,24,24,0,0.0,296,0.329,80,93.2,100.0
2025-09-03 01:00:00,2025-09-03,1,Support,8,6,21,21,0,0.0,388,0.377,85,100.0,75.0
2025-09-03 01:00:00,2025-09-03,1,Billing,3,2,2,2,0,0.0,366,0.102,90,97.2,66.5
2025-09-03 02:00:00,2025-09-03,2,Sales,5,5,19,19,0,0.0,305,0.322,80,96.3,100.0
2025-09-03 02:00:00,2025-09-03,2,Support,8,8,32,32,0,0.0,467,0.519,85,100.0,100.0
2025-09-03 02:00:00,2025-09-03,2,Billing,3,1,2,2,0,0.0,363,0.202,90,100.0,32.0
2025-09-03 03:00:00,2025-09-03,3,Sales,6,5,21,21,0,0.0,275,0.321,80,97.9,87.6
2025-09-03 03:00:00,2025-09-03,3,Support,8,7,27,27,0,0.0,382,0.409,85,97.2,84.2
2025-09-03 03:00:00,2025-09-03,3,Billing,3,2,3,3,0,0.0,306,0.128,90,98.7,68.8
2025-09-03 04:00:00,2025-09-03,4,Sales,6,5,21,21,0,0.0,261,0.304,80,100.0,86.1
2025-09-03 04:00:00,2025-09-03,4,Support,8,8,29,29,0,0.0,437,0.44,85,99.0,99.4
2025-09-03 04:00:00,2025-09-03,4,Billing,3,3,5,5,0,0.0,355,0.164,90,100.0,96.5
2025-09-03 05:00:00,2025-09-03,5,Sales,6,6,32,32,0,0.0,269,0.399,80,93.3,99.5
2025-09-03 05:00:00,2025-09-03,5,Support,7,7,25,25,0,0.0,350,0.347,85,93.3,99.1
2025-09-03 05:00:00,2025-09-03,5,Billing,3,2,4,4,0,0.0,384,0.213,90,99.1,67.5
2025-09-03 06:00:00,2025-09-03,6,Sales,6,5,41,41,0,0.0,292,0.665,80,94.3,83.4
2025-09-03 06:00:00,2025-09-03,6,Support,13,13,90,84,6,6.7,445,0.799,85,78.3,100.0
2025-09-03 06:00:00,2025-09-03,6,Billing,3,1,3,3,0,0.0,364,0.303,90,100.0,27.5
2025-09-03 07:00:00,2025-09-03,7,Sales,6,5,49,49,0,0.0,277,0.754,80,82.3,87.2
2025-09-03 07:00:00,2025-09-03,7,Support,14,14,105,105,0,0.0,449,0.935,85,67.7,100.0
2025-09-03 07:00:00,2025-09-03,7,Billing,3,2,7,7,0,0.0,392,0.381,90,94.7,69.9
2025-09-03 08:00:00,2025-09-03,8,Sales,12,12,145,127,18,12.4,324,0.953,80,71.1,100.0
2025-09-03 08:00:00,2025-09-03,8,Support,14,14,112,105,7,6.2,460,0.958,85,67.9,100.0
2025-09-03 08:00:00,2025-09-03,8,Billing,3,2,8,8,0,0.0,355,0.394,90,94.2,63.4
2025-09-03 09:00:00,2025-09-03,9,Sales,12,12,144,135,9,6.2,263,0.822,80,83.0,100.0
2025-09-03 09:00:00,2025-09-03,9,Support,14,14,131,96,35,26.7,453,0.863,85,73.0,100.0
2025-09-03 09:00:00,2025-09-03,9,Billing,6,6,18,18,0,0.0,402,0.335,90,100.0,100.0
2025-09-03 10:00:00,2025-09-03,10,Sales,12,10,131,88,43,32.8,318,0.777,80,81.5,84.4
2025-09-03 10:00:00,2025-09-03,10,Support,14,14,117,103,14,12.0,391,0.799,85,80.6,100.0
2025-09-03 10:00:00,2025-09-03,10,Billing,6,5,16,16,0,0.0,343,0.305,90,99.7,81.4
2025-09-03 11:00:00,2025-09-03,11,Sales,12,12,158,133,25,15.8,286,0.881,80,76.9,99.8
2025-09-03 11:00:00,2025-09-03,11,Support,14,14,140,103,37,26.4,436,0.891,85,72.0,100.0
2025-09-03 11:00:00,2025-09-03,11,Billing,6,6,32,32,0,0.0,320,0.474,90,97.2,100.0
2025-09-03 12:00:00,2025-09-03,12,Sales,12,11,165,123,42,25.5,293,0.91,80,70.8,90.1
2025-09-03 12:00:00,2025-09-03,12,Support,14,13,135,82,53,39.3,441,0.773,85,86.1,96.1
2025-09-03 12:00:00,2025-09-03,12,Billing,6,6,19,19,0,0.0,402,0.354,90,95.6,100.0
2025-09-03 13:00:00,2025-09-03,13,Sales,12,11,127,114,13,10.2,307,0.884,80,71.3,91.3
2025-09-03 13:00:00,2025-09-03,13,Support,13,12,105,92,13,12.4,383,0.816,85,78.7,90.8
2025-09-03 13:00:00,2025-09-03,13,Billing,5,4,17,17,0,0.0,390,0.46,90,92.0,80.7
2025-09-03 14:00:00,2025-09-03,14,Sales,12,10,134,90,44,32.8,340,0.85,80,75.8,82.0
2025-09-03 14:00:00,2025-09-03,14,Support,15,15,161,122,39,24.2,387,0.874,85,73.0,98.2
2025-09-03 14:00:00,2025-09-03,14,Billing,6,6,28,28,0,0.0,391,0.507,90,96.4,97.2
2025-09-03 15:00:00,2025-09-03,15,Sales,12,10,149,107,42,28.2,302,0.898,80,71.8,82.7
2025-09-03 15:00:00,2025-09-03,15,Support,14,12,94,80,14,14.9,394,0.73,85,86.6,87.1
2025-09-03 15:00:00,2025-09-03,15,Billing,6,6,21,21,0,0.0,422,0.41,90,98.0,100.0
2025-09-03 16:00:00,2025-09-03,16,Sales,13,12,178,147,31,17.4,289,0.983,80,64.3,93.0
2025-09-03 16:00:00,2025-09-03,16,Support,14,14,122,92,30,24.6,414,0.756,85,80.9,100.0
2025-09-03 16:00:00,2025-09-03,16,Billing,7,6,28,28,0,0.0,359,0.465,90,96.0,86.8
2025-09-03 17:00:00,2025-09-03,17,Sales,12,12,129,107,22,17.1,291,0.721,80,87.3,100.0
2025-09-03 17:00:00,2025-09-03,17,Support,15,15,103,103,0,0.0,422,0.805,85,80.4,98.4
2025-09-03 17:00:00,2025-09-03,17,Billing,3,2,10,10,0,0.0,354,0.492,90,96.3,65.8
2025-09-03 18:00:00,2025-09-03,18,Sales,12,12,137,101,36,26.3,307,0.718,80,87.9,100.0
2025-09-03 18:00:00,2025-09-03,18,Support,8,7,92,48,44,47.8,437,0.832,85,73.0,87.1
2025-09-03 18:00:00,2025-09-03,18,Billing,3,3,14,14,0,0.0,376,0.487,90,97.9,99.7
2025-09-03 19:00:00,2025-09-03,19,Sales,12,12,133,100,33,24.8,321,0.743,80,80.7,100.0
2025-09-03 19:00:00,2025-09-03,19,Support,7,7,75,44,31,41.3,419,0.732,85,80.3,100.0
2025-09-03 19:00:00,2025-09-03,19,Billing,3,3,13,13,0,0.0,326,0.392,90,97.5,100.0
2025-09-03 20:00:00,2025-09-03,20,Sales,6,6,52,52,0,0.0,335,0.806,80,82.8,97.8
2025-09-03 20:00:00,2025-09-03,20,Support,8,8,64,62,2,3.1,417,0.898,85,73.4,100.0
2025-09-03 20:00:00,2025-09-03,20,Billing,3,2,6,6,0,0.0,326,0.272,90,100.0,66.9
2025-09-03 21:00:00,2025-09-03,21,Sales,5,5,46,45,1,2.2,291,0.728,80,84.1,100.0
2025-09-03 21:00:00,2025-09-03,21,Support,8,8,66,49,17,25.8,443,0.754,85,87.7,100.0
2025-09-03 21:00:00,2025-09-03,21,Billing,3,3,8,8,0,0.0,389,0.288,90,94.2,99.0
2025-09-03 22:00:00,2025-09-03,22,Sales,6,5,30,30,0,0.0,311,0.518,80,100.0,86.9
2025-09-03 22:00:00,2025-09-03,22,Support,8,7,21,21,0,0.0,408,0.34,85,96.2,84.9
2025-09-03 22:00:00,2025-09-03,22,Billing,3,3,5,5,0,0.0,377,0.175,90,97.3,99.4
2025-09-03 23:00:00,2025-09-03,23,Sales,6,5,23,23,0,0.0,307,0.392,80,97.5,83.9
2025-09-03 23:00:00,2025-09-03,23,Support,8,8,31,31,0,0.0,436,0.469,85,94.9,100.0
2025-09-03 23:00:00,2025-09-03,23,Billing,3,1,1,1,0,0.0,357,0.099,90,96.4,34.5
2025-09-04 00:00:00,2025-09-04,0,Sales,6,4,25,25,0,0.0,306,0.531,80,100.0,67.9
2025-09-04 00:00:00,2025-09-04,0,Support,8,7,20,20,0,0.0,415,0.329,85,100.0,85.6
2025-09-04 00:00:00,2025-09-04,0,Billing,4,4,6,6,0,0.0,397,0.165,90,100.0,100.0
2025-09-04 01:00:00,2025-09-04,1,Sales,6,6,25,25,0,0.0,329,0.381,80,93.7,97.8
2025-09-04 01:00:00,2025-09-04,1,Support,8,8,19,19,0,0.0,393,0.259,85,98.7,100.0
2025-09-04 01:00:00,2025-09-04,1,Billing,3,3,5,5,0,0.0,316,0.146,90,98.5,98.3
2025-09-04 02:00:00,2025-09-04,2,Sales,6,5,29,29,0,0.0,337,0.543,80,100.0,85.2
2025-09-04 02:00:00,2025-09-04,2,Support,8,8,34,34,0,0.0,420,0.496,85,97.5,99.1
2025-09-04 02:00:00,2025-09-04,2,Billing,3,1,1,1,0,0.0,327,0.091,90,95.5,33.1
2025-09-04 03:00:00,2025-09-04,3,Sales,6,5,29,29,0,0.0,275,0.443,80,97.0,83.9
2025-09-04 03:00:00,2025-09-04,3,Support,8,7,30,30,0,0.0,483,0.575,85,93.8,85.2
2025-09-04 03:00:00,2025-09-04,3,Billing,2,2,3,3,0,0.0,345,0.144,90,99.0,99.7
2025-09-04 04:00:00,2025-09-04,4,Sales,6,6,25,25,0,0.0,312,0.361,80,94.7,99.9
2025-09-04 04:00:00,2025-09-04,4,Support,7,6,20,20,0,0.0,476,0.441,85,99.1,83.5
2025-09-04 04:00:00,2025-09-04,4,Billing,3,2,3,3,0,0.0,357,0.149,90,99.1,66.2
2025-09-04 05:00:00,2025-09-04,5,Sales,6,6,33,33,0,0.0,293,0.448,80,97.9,98.5
2025-09-04 05:00:00,2025-09-04,5,Support,7,7,28,28,0,0.0,339,0.377,85,98.7,100.0
2025-09-04 05:00:00,2025-09-04,5,Billing,3,2,3,3,0,0.0,315,0.131,90,94.7,67.8
2025-09-04 06:00:00,2025-09-04,6,Sales,6,6,57,57,0,0.0,302,0.797,80,78.1,98.4
2025-09-04 06:00:00,2025-09-04,6,Support,14,13,93,93,0,0.0,410,0.815,85,76.2,93.0
2025-09-04 06:00:00,2025-09-04,6,Billing,3,3,10,10,0,0.0,373,0.345,90,100.0,97.9
2025-09-04 07:00:00,2025-09-04,7,Sales,6,6,54,54,0,0.0,334,0.835,80,74.9,98.4
2025-09-04 07:00:00,2025-09-04,7,Support,14,14,122,91,31,25.4,424,0.766,85,82.0,100.0
2025-09-04 07:00:00,2025-09-04,7,Billing,3,1,3,3,0,0.0,358,0.298,90,97.5,39.7
2025-09-04 08:00:00,2025-09-04,8,Sales,12,11,127,121,6,4.7,331,1.011,80,61.3,88.8
2025-09-04 08:00:00,2025-09-04,8,Support,14,13,138,84,54,39.1,460,0.826,85,77.9,94.6
2025-09-04 08:00:00,2025-09-04,8,Billing,3,1,4,4,0,0.0,350,0.389,90,98.9,34.9
2025-09-04 09:00:00,2025-09-04,9,Sales,12,12,156,150,6,3.8,282,0.979,80,63.9,100.0
2025-09-04 09:00:00,2025-09-04,9,Support,15,15,156,138,18,11.5,384,0.981,85,60.1,99.5
2025-09-04 09:00:00,2025-09-04,9,Billing,5,4,18,18,0,0.0,377,0.471,90,95.6,81.2
2025-09-04 10:00:00,2025-09-04,10,Sales,12,11,162,122,40,24.7,276,0.85,80,75.0,94.3
2025-09-04 10:00:00,2025-09-04,10,Support,14,14,158,94,64,40.5,403,0.752,85,86.9,100.0
2025-09-04 10:00:00,2025-09-04,10,Billing,6,6,22,22,0,0.0,349,0.355,90,100.0,100.0
2025-09-04 11:00:00,2025-09-04,11,Sales,12,12,179,147,32,17.9,298,1.014,80,58.0,100.0
2025-09-04 11:00:00,2025-09-04,11,Support,14,14,141,94,47,33.3,404,0.753,85,83.0,100.0
2025-09-04 11:00:00,2025-09-04,11,Billing,6,6,29,29,0,0.0,400,0.537,90,95.0,98.6
2025-09-04 12:00:00,2025-09-04,12,Sales,11,11,142,124,18,12.7,312,0.977,80,66.2,100.0
2025-09-04 12:00:00,2025-09-04,12,Support,14,14,151,103,48,31.8,429,0.877,85,72.7,98.1
2025-09-04 12:00:00,2025-09-04,12,Billing,6,5,21,21,0,0.0,367,0.428,90,96.4,83.2
2025-09-04 13:00:00,2025-09-04,13,Sales,12,11,154,135,19,12.3,290,0.989,80,65.2,92.9
2025-09-04 13:00:00,2025-09-04,13,Support,13,11,121,96,25,20.7,402,0.975,85,65.3,83.3
2025-09-04 13:00:00,2025-09-04,13,Billing,6,6,24,24,0,0.0,306,0.34,90,94.8,97.9
2025-09-04 14:00:00,2025-09-04,14,Sales,12,12,190,132,58,30.5,323,0.987,80,65.4,98.7
2025-09-04 14:00:00,2025-09-04,14,Support,13,11,108,97,11,10.2,395,0.968,85,62.1,85.1
2025-09-04 14:00:00,2025-09-04,14,Billing,5,3,14,14,0,0.0,365,0.473,90,92.6,58.6
2025-09-04 15:00:00,2025-09-04,15,Sales,12,11,158,119,39,24.7,297,0.892,80,75.3,95.2
2025-09-04 15:00:00,2025-09-04,15,Support,14,14,138,107,31,22.5,388,0.824,85,84.4,99.6
2025-09-04 15:00:00,2025-09-04,15,Billing,7,6,26,26,0,0.0,426,0.513,90,95.8,83.1
2025-09-04 16:00:00,2025-09-04,16,Sales,12,12,135,135,0,0.0,290,0.906,80,69.8,95.9
2025-09-04 16:00:00,2025-09-04,16,Support,14,13,100,78,22,22.0,423,0.705,85,91.8,91.7
2025-09-04 16:00:00,2025-09-04,16,Billing,6,6,25,25,0,0.0,371,0.429,90,98.6,98.5
2025-09-04 17:00:00,2025-09-04,17,Sales,12,12,152,114,38,25.0,326,0.86,80,73.4,98.7
2025-09-04 17:00:00,2025-09-04,17,Support,14,14,133,104,29,21.8,448,0.924,85,64.1,100.0
2025-09-04 17:00:00,2025-09-04,17,Billing,3,1,4,4,0,0.0,346,0.384,90,98.4,32.1
2025-09-04 18:00:00,2025-09-04,18,Sales,12,12,101,101,0,0.0,280,0.655,80,92.4,98.0
2025-09-04 18:00:00,2025-09-04,18,Support,8,8,71,70,1,1.4,412,1.001,85,65.6,100.0
2025-09-04 18:00:00,2025-09-04,18,Billing,3,2,9,9,0,0.0,380,0.475,90,99.1,67.9
2025-09-04 19:00:00,2025-09-04,19,Sales,12,11,141,102,39,27.7,273,0.703,80,83.6,90.4
2025-09-04 19:00:00,2025-09-04,19,Support,8,7,58,48,10,17.2,425,0.81,85,81.7,90.1
2025-09-04 19:00:00,2025-09-04,19,Billing,3,2,10,10,0,0.0,326,0.453,90,97.2,69.5
2025-09-04 20:00:00,2025-09-04,20,Sales,6,3,20,20,0,0.0,319,0.591,80,100.0,51.6
2025-09-04 20:00:00,2025-09-04,20,Support,8,8,46,46,0,0.0,411,0.656,85,92.0,100.0
2025-09-04 20:00:00,2025-09-04,20,Billing,3,3,11,11,0,0.0,398,0.405,90,97.5,98.6
2025-09-04 21:00:00,2025-09-04,21,Sales,6,5,41,41,0,0.0,270,0.615,80,100.0,82.4
2025-09-04 21:00:00,2025-09-04,21,Support,8,8,52,52,0,0.0,420,0.758,85,82.4,99.8
2025-09-04 21:00:00,2025-09-04,21,Billing,2,2,7,7,0,0.0,353,0.343,90,97.7,100.0
2025-09-04 22:00:00,2025-09-04,22,Sales,6,5,24,24,0,0.0,297,0.396,80,99.6,79.3
2025-09-04 22:00:00,2025-09-04,22,Support,8,7,26,26,0,0.0,441,0.455,85,94.8,85.8
2025-09-04 22:00:00,2025-09-04,22,Billing,3,3,4,4,0,0.0,324,0.12,90,92.1,100.0
2025-09-04 23:00:00,2025-09-04,23,Sales,6,6,23,23,0,0.0,350,0.373,80,98.9,100.0
2025-09-04 23:00:00,2025-09-04,23,Support,8,7,24,24,0,0.0,404,0.385,85,93.4,88.0
2025-09-04 23:00:00,2025-09-04,23,Billing,4,2,3,3,0,0.0,350,0.146,90,99.9,49.3
2025-09-05 00:00:00,2025-09-05,0,Sales,7,7,31,31,0,0.0,309,0.38,80,98.8,100.0
2025-09-05 00:00:00,2025-09-05,0,Support,8,8,25,25,0,0.0,441,0.383,85,91.6,100.0
2025-09-05 00:00:00,2025-09-05,0,Billing,3,1,2,2,0,0.0,375,0.208,90,100.0,32.9
2025-09-05 01:00:00,2025-09-05,1,Sales,6,6,31,31,0,0.0,297,0.426,80,100.0,100.0
2025-09-05 01:00:00,2025-09-05,1,Support,7,7,28,28,0,0.0,458,0.509,85,96.8,98.5
2025-09-05 01:00:00,2025-09-05,1,Billing,3,2,3,3,0,0.0,387,0.161,90,99.5,68.1
2025-09-05 02:00:00,2025-09-05,2,Sales,6,4,19,19,0,0.0,314,0.414,80,97.9,64.9
2025-09-05 02:00:00,2025-09-05,2,Support,7,7,24,24,0,0.0,397,0.378,85,98.3,99.7
2025-09-05 02:00:00,2025-09-05,2,Billing,4,4,7,7,0,0.0,361,0.175,90,98.0,98.4
2025-09-05 03:00:00,2025-09-05,3,Sales,6,5,20,20,0,0.0,296,0.329,80,95.7,81.5
2025-09-05 03:00:00,2025-09-05,3,Support,8,7,27,27,0,0.0,411,0.44,85,99.9,85.0
2025-09-05 03:00:00,2025-09-05,3,Billing,4,3,5,5,0,0.0,335,0.155,90,88.9,75.4
2025-09-05 04:00:00,2025-09-05,4,Sales,6,5,25,25,0,0.0,273,0.379,80,99.4,84.3
2025-09-05 04:00:00,2025-09-05,4,Support,8,8,26,26,0,0.0,433,0.391,85,92.5,99.9
2025-09-05 04:00:00,2025-09-05,4,Billing,3,2,4,4,0,0.0,336,0.187,90,96.1,66.7
2025-09-05 05:00:00,2025-09-05,5,Sales,6,5,20,20,0,0.0,320,0.356,80,97.2,81.8
2025-09-05 05:00:00,2025-09-05,5,Support,8,7,25,25,0,0.0,429,0.426,85,97.3,89.0
2025-09-05 05:00:00,2025-09-05,5,Billing,4,4,8,8,0,0.0,358,0.199,90,100.0,100.0
2025-09-05 06:00:00,2025-09-05,6,Sales,5,5,53,53,0,0.0,323,0.951,80,63.2,100.0
2025-09-05 06:00:00,2025-09-05,6,Support,14,13,85,85,0,0.0,415,0.754,85,75.7,92.9
2025-09-05 06:00:00,2025-09-05,6,Billing,3,3,7,7,0,0.0,320,0.207,90,96.6,100.0
2025-09-05 07:00:00,2025-09-05,7,Sales,6,5,59,59,0,0.0,291,0.954,80,68.2,81.2
2025-09-05 07:00:00,2025-09-05,7,Support,14,14,85,85,0,0.0,433,0.73,85,89.5,97.3
2025-09-05 07:00:00,2025-09-05,7,Billing,3,2,7,7,0,0.0,351,0.341,90,92.8,66.9
2025-09-05 08:00:00,2025-09-05,8,Sales,12,12,125,116,9,7.2,263,0.706,80,87.8,98.0
2025-09-05 08:00:00,2025-09-05,8,Support,14,14,153,71,82,53.6,501,0.706,85,90.1,99.9
2025-09-05 08:00:00,2025-09-05,8,Billing,3,2,9,9,0,0.0,381,0.476,90,97.3,67.1
2025-09-05 09:00:00,2025-09-05,9,Sales,12,12,134,115,19,14.2,324,0.863,80,70.7,97.1
2025-09-05 09:00:00,2025-09-05,9,Support,13,13,128,107,21,16.4,426,0.974,85,66.4,100.0
2025-09-05 09:00:00,2025-09-05,9,Billing,6,6,25,25,0,0.0,349,0.404,90,97.7,96.7
2025-09-05 10:00:00,2025-09-05,10,Sales,12,12,156,145,11,7.1,301,1.01,80,60.5,98.7
2025-09-05 10:00:00,2025-09-05,10,Support,14,14,117,111,6,5.1,431,0.949,85,63.2,100.0
2025-09-05 10:00:00,2025-09-05,10,Billing,6,5,24,24,0,0.0,326,0.435,90,97.3,84.3
2025-09-05 11:00:00,2025-09-05,11,Sales,12,10,165,96,69,41.8,280,0.747,80,84.9,84.5
2025-09-05 11:00:00,2025-09-05,11,Support,14,14,142,99,43,30.3,402,0.79,85,80.4,100.0
2025-09-05 11:00:00,2025-09-05,11,Billing,6,6,24,24,0,0.0,319,0.354,90,99.3,100.0
2025-09-05 12:00:00,2025-09-05,12,Sales,12,11,148,127,21,14.2,262,0.84,80,74.2,92.0
2025-09-05 12:00:00,2025-09-05,12,Support,14,13,128,102,26,20.3,434,0.946,85,66.6,90.4
2025-09-05 12:00:00,2025-09-05,12,Billing,6,6,30,30,0,0.0,400,0.556,90,100.0,100.0
2025-09-05 13:00:00,2025-09-05,13,Sales,12,12,165,128,37,22.4,270,0.8,80,81.4,100.0
2025-09-05 13:00:00,2025-09-05,13,Support,13,13,118,102,16,13.6,419,0.913,85,68.7,98.7
2025-09-05 13:00:00,2025-09-05,13,Billing,6,4,20,20,0,0.0,341,0.474,90,98.7,67.0
2025-09-05 14:00:00,2025-09-05,14,Sales,13,12,169,134,35,20.7,284,0.881,80,76.9,89.8
2025-09-05 14:00:00,2025-09-05,14,Support,14,14,138,97,41,29.7,369,0.71,85,86.9,100.0
2025-09-05 14:00:00,2025-09-05,14,Billing,7,6,35,35,0,0.0,376,0.609,90,94.5,83.1
2025-09-05 15:00:00,2025-09-05,15,Sales,12,10,155,104,51,32.9,297,0.858,80,76.0,80.7
2025-09-05 15:00:00,2025-09-05,15,Support,14,14,146,89,57,39.0,408,0.72,85,79.3,100.0
2025-09-05 15:00:00,2025-09-05,15,Billing,6,5,23,23,0,0.0,390,0.498,90,92.7,84.0
2025-09-05 16:00:00,2025-09-05,16,Sales,12,12,140,98,42,30.0,308,0.699,80,91.2,94.9
2025-09-05 16:00:00,2025-09-05,16,Support,13,12,98,87,11,11.2,383,0.771,85,86.2,93.9
2025-09-05 16:00:00,2025-09-05,16,Billing,6,6,21,21,0,0.0,329,0.32,90,96.6,100.0
2025-09-05 17:00:00,2025-09-05,17,Sales,12,9,84,84,0,0.0,335,0.869,80,74.1,73.4
2025-09-05 17:00:00,2025-09-05,17,Support,14,14,166,117,49,29.5,434,1.008,85,56.6,100.0
2025-09-05 17:00:00,2025-09-05,17,Billing,3,2,12,12,0,0.0,417,0.695,90,92.7,68.7
2025-09-05 18:00:00,2025-09-05,18,Sales,12,10,139,119,20,14.4,290,0.959,80,64.1,81.1
2025-09-05 18:00:00,2025-09-05,18,Support,8,5,50,35,15,30.0,441,0.858,85,71.5,61.7
2025-09-05 18:00:00,2025-09-05,18,Billing,3,2,9,9,0,0.0,358,0.448,90,100.0,67.8
2025-09-05 19:00:00,2025-09-05,19,Sales,12,11,139,112,27,19.4,344,0.973,80,65.9,90.6
2025-09-05 19:00:00,2025-09-05,19,Support,8,8,68,57,11,16.2,404,0.8,85,81.2,100.0
2025-09-05 19:00:00,2025-09-05,19,Billing,3,3,16,16,0,0.0,392,0.581,90,96.9,100.0
2025-09-05 20:00:00,2025-09-05,20,Sales,6,6,43,43,0,0.0,275,0.547,80,100.0,98.3
2025-09-05 20:00:00,2025-09-05,20,Support,8,8,64,61,3,4.7,396,0.839,85,73.2,100.0
2025-09-05 20:00:00,2025-09-05,20,Billing,2,2,6,6,0,0.0,365,0.304,90,94.4,100.0
2025-09-05 21:00:00,2025-09-05,21,Sales,6,5,39,39,0,0.0,277,0.6,80,94.0,83.5
2025-09-05 21:00:00,2025-09-05,21,Support,9,9,57,57,0,0.0,471,0.829,85,71.9,98.1
2025-09-05 21:00:00,2025-09-05,21,Billing,3,3,7,7,0,0.0,358,0.232,90,100.0,97.4
2025-09-05 22:00:00,2025-09-05,22,Sales,7,6,26,26,0,0.0,287,0.345,80,100.0,88.2
2025-09-05 22:00:00,2025-09-05,22,Support,8,8,32,32,0,0.0,460,0.511,85,94.6,98.2
2025-09-05 22:00:00,2025-09-05,22,Billing,3,1,2,2,0,0.0,376,0.209,90,100.0,34.8
2025-09-05 23:00:00,2025-09-05,23,Sales,6,6,26,26,0,0.0,301,0.362,80,99.7,99.9
2025-09-05 23:00:00,2025-09-05,23,Support,8,7,24,24,0,0.0,391,0.372,85,97.6,89.2
2025-09-05 23:00:00,2025-09-05,23,Billing,3,3,5,5,0,0.0,410,0.19,90,100.0,98.1
2025-09-06 00:00:00,2025-09-06,0,Sales,5,5,24,24,0,0.0,309,0.412,80,95.6,98.6
2025-09-06 00:00:00,2025-09-06,0,Support,8,8,25,25,0,0.0,418,0.363,85,100.0,100.0
2025-09-06 00:00:00,2025-09-06,0,Billing,2,0,1,0,1,100.0,362,,90,100.0,0.0
2025-09-06 01:00:00,2025-09-06,1,Sales,7,7,30,30,0,0.0,302,0.36,80,100.0,98.8
2025-09-06 01:00:00,2025-09-06,1,Support,8,6,20,20,0,0.0,456,0.422,85,100.0,77.1
2025-09-06 01:00:00,2025-09-06,1,Billing,3,3,5,5,0,0.0,373,0.173,90,96.6,100.0
2025-09-06 02:00:00,2025-09-06,2,Sales,6,6,20,20,0,0.0,300,0.278,80,100.0,100.0
2025-09-06 02:00:00,2025-09-06,2,Support,7,7,30,30,0,0.0,386,0.46,85,98.3,100.0
2025-09-06 02:00:00,2025-09-06,2,Billing,3,3,4,4,0,0.0,388,0.144,90,100.0,100.0
2025-09-06 03:00:00,2025-09-06,3,Sales,5,3,15,15,0,0.0,279,0.388,80,99.8,57.2
2025-09-06 03:00:00,2025-09-06,3,Support,8,8,26,26,0,0.0,394,0.356,85,100.0,100.0
2025-09-06 03:00:00,2025-09-06,3,Billing,3,3,4,4,0,0.0,366,0.136,90,97.9,95.4
2025-09-06 04:00:00,2025-09-06,4,Sales,6,6,16,16,0,0.0,274,0.203,80,96.7,100.0
2025-09-06 04:00:00,2025-09-06,4,Support,8,8,19,19,0,0.0,458,0.302,85,99.7,100.0
2025-09-06 04:00:00,2025-09-06,4,Billing,3,2,3,3,0,0.0,370,0.154,90,97.0,65.6
2025-09-06 05:00:00,2025-09-06,5,Sales,6,6,29,29,0,0.0,284,0.381,80,100.0,100.0
2025-09-06 05:00:00,2025-09-06,5,Support,8,7,22,22,0,0.0,403,0.352,85,99.9,92.0
2025-09-06 05:00:00,2025-09-06,5,Billing,2,0,0,0,0,0.0,400,,90,99.3,0.0
2025-09-06 06:00:00,2025-09-06,6,Sales,6,6,55,55,0,0.0,297,0.756,80,83.0,99.9
2025-09-06 06:00:00,2025-09-06,6,Support,14,14,82,82,0,0.0,508,0.827,85,74.3,100.0
2025-09-06 06:00:00,2025-09-06,6,Billing,2,1,3,3,0,0.0,371,0.309,90,91.7,49.6
2025-09-06 07:00:00,2025-09-06,7,Sales,6,6,52,52,0,0.0,308,0.741,80,82.9,99.9
2025-09-06 07:00:00,2025-09-06,7,Support,14,12,56,56,0,0.0,449,0.582,85,98.6,84.6
2025-09-06 07:00:00,2025-09-06,7,Billing,2,2,7,7,0,0.0,352,0.342,90,92.4,100.0
2025-09-06 08:00:00,2025-09-06,8,Sales,12,12,147,124,23,15.6,285,0.818,80,83.7,99.4
2025-09-06 08:00:00,2025-09-06,8,Support,14,13,106,91,15,14.2,442,0.859,85,75.5,95.9
2025-09-06 08:00:00,2025-09-06,8,Billing,2,1,5,5,0,0.0,380,0.528,90,94.6,50.1
2025-09-06 09:00:00,2025-09-06,9,Sales,12,11,129,129,0,0.0,289,0.941,80,68.3,92.1
2025-09-06 09:00:00,2025-09-06,9,Support,14,13,145,99,46,31.7,426,0.901,85,70.6,90.4
2025-09-06 09:00:00,2025-09-06,9,Billing,6,6,21,21,0,0.0,342,0.333,90,96.9,97.2
2025-09-06 10:00:00,2025-09-06,10,Sales,13,13,201,162,39,19.4,278,0.962,80,68.7,100.0
2025-09-06 10:00:00,2025-09-06,10,Support,14,13,138,88,50,36.2,426,0.801,85,77.5,91.6
2025-09-06 10:00:00,2025-09-06,10,Billing,6,6,28,28,0,0.0,316,0.41,90,99.7,100.0
2025-09-06 11:00:00,2025-09-06,11,Sales,12,12,139,115,24,17.3,306,0.815,80,77.3,99.9
2025-09-06 11:00:00,2025-09-06,11,Support,14,14,147,108,39,26.5,409,0.876,85,73.4,99.5
2025-09-06 11:00:00,2025-09-06,11,Billing,6,4,18,18,0,0.0,370,0.463,90,95.9,66.9
2025-09-06 12:00:00,2025-09-06,12,Sales,11,10,138,110,28,20.3,318,0.972,80,64.3,89.9
2025-09-06 12:00:00,2025-09-06,12,Support,14,14,125,96,29,23.2,461,0.878,85,76.2,97.4
2025-09-06 12:00:00,2025-09-06,12,Billing,6,6,30,30,0,0.0,378,0.525,90,100.0,100.0
2025-09-06 13:00:00,2025-09-06,13,Sales,12,11,139,123,16,11.5,303,0.941,80,72.6,90.7
2025-09-06 13:00:00,2025-09-06,13,Support,14,14,140,113,27,19.3,444,0.995,85,63.5,95.8
2025-09-06 13:00:00,2025-09-06,13,Billing,6,3,16,16,0,0.0,380,0.563,90,100.0,49.0
2025-09-06 14:00:00,2025-09-06,14,Sales,12,12,151,115,36,23.8,347,0.924,80,64.9,100.0
2025-09-06 14:00:00,2025-09-06,14,Support,14,13,111,90,21,18.9,439,0.844,85,78.9,93.8
2025-09-06 14:00:00,2025-09-06,14,Billing,6,6,30,30,0,0.0,375,0.521,90,99.2,100.0
2025-09-06 15:00:00,2025-09-06,15,Sales,13,13,157,147,10,6.4,239,0.751,80,79.5,100.0
2025-09-06 15:00:00,2025-09-06,15,Support,15,14,134,89,45,33.6,404,0.713,85,85.4,93.0
2025-09-06 15:00:00,2025-09-06,15,Billing,6,4,16,16,0,0.0,372,0.413,90,99.9,65.1
2025-09-06 16:00:00,2025-09-06,16,Sales,12,10,142,119,23,16.2,306,1.012,80,64.5,83.1
2025-09-06 16:00:00,2025-09-06,16,Support,13,13,133,108,25,18.8,432,0.997,85,61.7,98.5
2025-09-06 16:00:00,2025-09-06,16,Billing,5,5,16,16,0,0.0,355,0.316,90,92.9,99.1
2025-09-06 17:00:00,2025-09-06,17,Sales,12,12,134,116,18,13.4,276,0.741,80,83.0,97.4
2025-09-06 17:00:00,2025-09-06,17,Support,14,14,126,86,40,31.7,440,0.751,85,87.1,99.2
2025-09-06 17:00:00,2025-09-06,17,Billing,3,3,12,12,0,0.0,305,0.339,90,96.9,100.0
2025-09-06 18:00:00,2025-09-06,18,Sales,12,12,128,110,18,14.1,308,0.784,80,78.9,100.0
2025-09-06 18:00:00,2025-09-06,18,Support,8,8,51,51,0,0.0,380,0.673,85,96.9,100.0
2025-09-06 18:00:00,2025-09-06,18,Billing,3,2,9,9,0,0.0,395,0.494,90,97.2,68.4
2025-09-06 19:00:00,2025-09-06,19,Sales,12,12,190,123,67,35.3,299,0.851,80,74.1,100.0
2025-09-06 19:00:00,2025-09-06,19,Support,8,8,55,55,0,0.0,402,0.768,85,82.2,99.4
2025-09-06 19:00:00,2025-09-06,19,Billing,4,4,21,21,0,0.0,415,0.605,90,93.8,100.0
2025-09-06 20:00:00,2025-09-06,20,Sales,6,6,57,57,0,0.0,279,0.736,80,84.0,98.3
2025-09-06 20:00:00,2025-09-06,20,Support,8,8,63,63,0,0.0,402,0.879,85,73.1,100.0
2025-09-06 20:00:00,2025-09-06,20,Billing,3,3,11,11,0,0.0,345,0.351,90,100.0,100.0
2025-09-06 21:00:00,2025-09-06,21,Sales,6,6,60,60,0,0.0,274,0.761,80,82.4,100.0
2025-09-06 21:00:00,2025-09-06,21,Support,8,8,59,59,0,0.0,430,0.881,85,70.8,100.0
2025-09-06 21:00:00,2025-09-06,21,Billing,3,3,8,8,0,0.0,359,0.266,90,96.0,98.5
2025-09-06 22:00:00,2025-09-06,22,Sales,7,7,31,31,0,0.0,338,0.416,80,89.8,99.0
2025-09-06 22:00:00,2025-09-06,22,Support,8,6,22,22,0,0.0,407,0.415,85,96.2,72.8
2025-09-06 22:00:00,2025-09-06,22,Billing,3,1,2,2,0,0.0,341,0.189,90,91.7,36.8
2025-09-06 23:00:00,2025-09-06,23,Sales,6,6,25,25,0,0.0,299,0.346,80,98.7,98.2
2025-09-06 23:00:00,2025-09-06,23,Support,8,8,26,26,0,0.0,461,0.416,85,96.4,100.0
2025-09-06 23:00:00,2025-09-06,23,Billing,3,3,6,6,0,0.0,380,0.211,90,96.1,99.7
2025-09-07 00:00:00,2025-09-07,0,Sales,5,4,20,20,0,0.0,283,0.393,80,99.5,80.4
2025-09-07 00:00:00,2025-09-07,0,Support,8,7,23,23,0,0.0,449,0.41,85,99.0,88.6
2025-09-07 00:00:00,2025-09-07,0,Billing,3,3,5,5,0,0.0,389,0.18,90,96.2,99.5
2025-09-07 01:00:00,2025-09-07,1,Sales,6,6,25,25,0,0.0,324,0.375,80,96.6,97.7
2025-09-07 01:00:00,2025-09-07,1,Support,9,9,33,33,0,0.0,383,0.39,85,98.3,94.0
2025-09-07 01:00:00,2025-09-07,1,Billing,3,3,5,5,0,0.0,395,0.183,90,100.0,100.0
2025-09-07 02:00:00,2025-09-07,2,Sales,6,5,28,28,0,0.0,277,0.431,80,97.2,84.5
2025-09-07 02:00:00,2025-09-07,2,Support,8,8,26,26,0,0.0,403,0.364,85,100.0,99.5
2025-09-07 02:00:00,2025-09-07,2,Billing,3,2,2,2,0,0.0,358,0.099,90,93.9,70.6
2025-09-07 03:00:00,2025-09-07,3,Sales,6,6,27,27,0,0.0,322,0.403,80,100.0,100.0
2025-09-07 03:00:00,2025-09-07,3,Support,9,8,29,29,0,0.0,445,0.448,85,99.4,89.9
2025-09-07 03:00:00,2025-09-07,3,Billing,3,2,3,3,0,0.0,404,0.168,90,99.3,70.8
2025-09-07 04:00:00,2025-09-07,4,Sales,6,6,29,29,0,0.0,258,0.346,80,92.3,98.3
2025-09-07 04:00:00,2025-09-07,4,Support,7,7,31,31,0,0.0,406,0.499,85,93.8,100.0
2025-09-07 04:00:00,2025-09-07,4,Billing,3,3,5,5,0,0.0,372,0.172,90,94.1,97.2
2025-09-07 05:00:00,2025-09-07,5,Sales,6,6,16,16,0,0.0,264,0.196,80,96.3,97.4
2025-09-07 05:00:00,2025-09-07,5,Support,8,7,23,23,0,0.0,357,0.326,85,99.0,91.4
2025-09-07 05:00:00,2025-09-07,5,Billing,2,2,3,3,0,0.0,327,0.136,90,98.2,100.0
2025-09-07 06:00:00,2025-09-07,6,Sales,6,6,52,52,0,0.0,277,0.667,80,92.5,100.0
2025-09-07 06:00:00,2025-09-07,6,Support,13,13,107,107,0,0.0,347,0.793,85,81.9,100.0
2025-09-07 06:00:00,2025-09-07,6,Billing,3,3,8,8,0,0.0,352,0.261,90,100.0,100.0
2025-09-07 07:00:00,2025-09-07,7,Sales,5,5,43,43,0,0.0,291,0.695,80,89.2,98.9
2025-09-07 07:00:00,2025-09-07,7,Support,14,13,69,69,0,0.0,420,0.619,85,96.9,94.2
2025-09-07 07:00:00,2025-09-07,7,Billing,3,3,11,11,0,0.0,366,0.373,90,100.0,99.0
2025-09-07 08:00:00,2025-09-07,8,Sales,12,12,180,138,42,23.3,304,0.971,80,58.7,97.8
2025-09-07 08:00:00,2025-09-07,8,Support,15,15,174,112,62,35.6,418,0.867,85,76.0,96.5
2025-09-07 08:00:00,2025-09-07,8,Billing,3,3,11,11,0,0.0,403,0.41,90,100.0,100.0
2025-09-07 09:00:00,2025-09-07,9,Sales,13,13,185,168,17,9.2,283,1.016,80,60.8,99.3
2025-09-07 09:00:00,2025-09-07,9,Support,14,13,138,99,39,28.3,377,0.797,85,73.5,95.4
2025-09-07 09:00:00,2025-09-07,9,Billing,6,6,23,23,0,0.0,403,0.429,90,97.4,98.5
2025-09-07 10:00:00,2025-09-07,10,Sales,12,12,189,100,89,47.1,325,0.752,80,83.2,99.0
2025-09-07 10:00:00,2025-09-07,10,Support,14,13,153,93,60,39.2,356,0.707,85,87.8,92.9
2025-09-07 10:00:00,2025-09-07,10,Billing,6,6,23,23,0,0.0,363,0.387,90,98.1,100.0
2025-09-07 11:00:00,2025-09-07,11,Sales,12,11,155,118,37,23.9,294,0.876,80,72.9,90.5
2025-09-07 11:00:00,2025-09-07,11,Support,14,13,117,106,11,9.4,441,0.999,85,61.8,91.1
2025-09-07 11:00:00,2025-09-07,11,Billing,6,5,19,19,0,0.0,380,0.401,90,89.3,82.6
2025-09-07 12:00:00,2025-09-07,12,Sales,12,12,154,141,13,8.4,270,0.881,80,74.5,100.0
2025-09-07 12:00:00,2025-09-07,12,Support,14,14,110,107,3,2.7,393,0.834,85,75.7,100.0
2025-09-07 12:00:00,2025-09-07,12,Billing,5,5,23,23,0,0.0,333,0.425,90,99.6,99.3
2025-09-07 13:00:00,2025-09-07,13,Sales,12,12,119,116,3,2.5,289,0.776,80,85.1,100.0
2025-09-07 13:00:00,2025-09-07,13,Support,14,13,114,88,26,22.8,436,0.82,85,74.6,94.6
2025-09-07 13:00:00,2025-09-07,13,Billing,5,4,20,20,0,0.0,377,0.524,90,96.8,81.4
2025-09-07 14:00:00,2025-09-07,14,Sales,12,11,122,122,0,0.0,256,0.789,80,79.9,92.5
2025-09-07 14:00:00,2025-09-07,14,Support,15,13,114,114,0,0.0,388,0.945,85,68.7,85.9
2025-09-07 14:00:00,2025-09-07,14,Billing,6,6,29,29,0,0.0,347,0.466,90,100.0,100.0
2025-09-07 15:00:00,2025-09-07,15,Sales,12,11,123,95,28,22.8,322,0.772,80,79.3,93.2
2025-09-07 15:00:00,2025-09-07,15,Support,14,13,134,73,61,45.5,456,0.711,85,85.4,95.4
2025-09-07 15:00:00,2025-09-07,15,Billing,6,5,21,21,0,0.0,351,0.409,90,94.8,87.2
2025-09-07 16:00:00,2025-09-07,16,Sales,12,12,123,123,0,0.0,324,0.922,80,73.8,100.0
2025-09-07 16:00:00,2025-09-07,16,Support,14,14,121,96,25,20.7,427,0.813,85,78.3,100.0
2025-09-07 16:00:00,2025-09-07,16,Billing,6,5,22,22,0,0.0,415,0.507,90,99.9,85.4
2025-09-07 17:00:00,2025-09-07,17,Sales,12,11,115,113,2,1.7,316,0.902,80,70.1,91.8
2025-09-07 17:00:00,2025-09-07,17,Support,14,14,177,92,85,48.0,442,0.807,85,77.1,100.0
2025-09-07 17:00:00,2025-09-07,17,Billing,3,1,4,4,0,0.0,323,0.359,90,100.0,33.6
2025-09-07 18:00:00,2025-09-07,18,Sales,13,12,132,118,14,10.6,302,0.825,80,73.1,95.3
2025-09-07 18:00:00,2025-09-07,18,Support,8,8,75,55,20,26.7,399,0.762,85,83.3,100.0
2025-09-07 18:00:00,2025-09-07,18,Billing,3,1,5,5,0,0.0,344,0.478,90,100.0,31.4
2025-09-07 19:00:00,2025-09-07,19,Sales,12,12,130,104,26,20.0,308,0.741,80,90.5,100.0
2025-09-07 19:00:00,2025-09-07,19,Support,8,6,71,37,34,47.9,445,0.762,85,89.7,73.0
2025-09-07 19:00:00,2025-09-07,19,Billing,3,3,11,11,0,0.0,358,0.365,90,95.4,100.0
2025-09-07 20:00:00,2025-09-07,20,Sales,5,5,60,43,17,28.3,328,0.784,80,84.8,100.0
2025-09-07 20:00:00,2025-09-07,20,Support,7,7,55,53,2,3.6,383,0.806,85,82.0,100.0
2025-09-07 20:00:00,2025-09-07,20,Billing,3,2,5,5,0,0.0,400,0.278,90,99.8,64.8
2025-09-07 21:00:00,2025-09-07,21,Sales,6,6,53,53,0,0.0,291,0.714,80,84.7,100.0
2025-09-07 21:00:00,2025-09-07,21,Support,8,8,69,58,11,15.9,410,0.826,85,78.3,98.0
2025-09-07 21:00:00,2025-09-07,21,Billing,4,4,11,11,0,0.0,355,0.271,90,99.4,98.0
2025-09-07 22:00:00,2025-09-07,22,Sales,7,7,24,24,0,0.0,272,0.259,80,97.4,100.0
2025-09-07 22:00:00,2025-09-07,22,Support,8,7,25,25,0,0.0,402,0.399,85,98.5,88.5
2025-09-07 22:00:00,2025-09-07,22,Billing,4,4,6,6,0,0.0,430,0.179,90,93.0,98.0
2025-09-07 23:00:00,2025-09-07,23,Sales,6,6,24,24,0,0.0,312,0.347,80,98.2,98.6
2025-09-07 23:00:00,2025-09-07,23,Support,8,7,22,22,0,0.0,457,0.399,85,98.4,85.9
2025-09-07 23:00:00,2025-09-07,23,Billing,4,4,6,6,0,0.0,338,0.141,90,100.0,97.2
2025-09-08 00:00:00,2025-09-08,0,Sales,5,3,13,13,0,0.0,355,0.427,80,95.9,61.8
2025-09-08 00:00:00,2025-09-08,0,Support,9,9,28,28,0,0.0,439,0.379,85,99.3,94.9
2025-09-08 00:00:00,2025-09-08,0,Billing,3,1,1,1,0,0.0,341,0.095,90,94.2,36.4
2025-09-08 01:00:00,2025-09-08,1,Sales,5,4,17,17,0,0.0,269,0.318,80,99.0,82.4
2025-09-08 01:00:00,2025-09-08,1,Support,8,7,29,29,0,0.0,435,0.501,85,93.4,91.0
2025-09-08 01:00:00,2025-09-08,1,Billing,4,4,6,6,0,0.0,321,0.134,90,94.1,100.0
2025-09-08 02:00:00,2025-09-08,2,Sales,5,4,18,18,0,0.0,263,0.329,80,97.7,78.4
2025-09-08 02:00:00,2025-09-08,2,Support,8,8,23,23,0,0.0,404,0.323,85,98.9,95.0
2025-09-08 02:00:00,2025-09-08,2,Billing,3,3,5,5,0,0.0,354,0.164,90,100.0,100.0
2025-09-08 03:00:00,2025-09-08,3,Sales,6,5,25,25,0,0.0,350,0.486,80,96.6,82.9
2025-09-08 03:00:00,2025-09-08,3,Support,8,8,24,24,0,0.0,422,0.352,85,99.0,100.0
2025-09-08 03:00:00,2025-09-08,3,Billing,3,3,5,5,0,0.0,337,0.156,90,100.0,100.0
2025-09-08 04:00:00,2025-09-08,4,Sales,6,6,27,27,0,0.0,291,0.364,80,98.3,100.0
2025-09-08 04:00:00,2025-09-08,4,Support,8,8,26,26,0,0.0,373,0.337,85,99.5,98.9
2025-09-08 04:00:00,2025-09-08,4,Billing,3,3,4,4,0,0.0,383,0.142,90,95.3,97.4
2025-09-08 05:00:00,2025-09-08,5,Sales,6,5,23,23,0,0.0,301,0.385,80,93.4,79.9
2025-09-08 05:00:00,2025-09-08,5,Support,9,9,37,37,0,0.0,400,0.457,85,100.0,96.5
2025-09-08 05:00:00,2025-09-08,5,Billing,3,1,2,2,0,0.0,337,0.187,90,91.4,35.5
2025-09-08 06:00:00,2025-09-08,6,Sales,6,5,56,48,8,14.3,277,0.739,80,89.6,81.0
2025-09-08 06:00:00,2025-09-08,6,Support,14,14,73,73,0,0.0,458,0.663,85,92.0,97.5
2025-09-08 06:00:00,2025-09-08,6,Billing,3,2,5,5,0,0.0,395,0.274,90,100.0,64.5
2025-09-08 07:00:00,2025-09-08,7,Sales,6,4,36,36,0,0.0,273,0.682,80,96.0,63.7
2025-09-08 07:00:00,2025-09-08,7,Support,14,14,95,95,0,0.0,420,0.792,85,82.7,100.0
2025-09-08 07:00:00,2025-09-08,7,Billing,3,3,8,8,0,0.0,367,0.272,90,99.7,95.0
2025-09-08 08:00:00,2025-09-08,8,Sales,12,12,155,120,35,22.6,322,0.894,80,70.6,100.0
2025-09-08 08:00:00,2025-09-08,8,Support,14,13,112,89,23,20.5,401,0.763,85,80.9,90.7
2025-09-08 08:00:00,2025-09-08,8,Billing,3,2,9,9,0,0.0,339,0.424,90,98.2,64.1
2025-09-08 09:00:00,2025-09-08,9,Sales,12,12,142,92,50,35.2,330,0.703,80,92.8,100.0
2025-09-08 09:00:00,2025-09-08,9,Support,14,13,99,86,13,13.1,497,0.913,85,71.2,93.3
2025-09-08 09:00:00,2025-09-08,9,Billing,7,6,24,24,0,0.0,370,0.411,90,96.6,85.0
2025-09-08 10:00:00,2025-09-08,10,Sales,12,12,168,149,19,11.3,273,0.942,80,64.9,100.0
2025-09-08 10:00:00,2025-09-08,10,Support,14,14,139,120,19,13.7,421,1.002,85,64.8,98.6
2025-09-08 10:00:00,2025-09-08,10,Billing,6,4,15,15,0,0.0,371,0.386,90,93.9,67.4
2025-09-08 11:00:00,2025-09-08,11,Sales,12,12,130,117,13,10.0,346,0.937,80,66.2,97.2
2025-09-08 11:00:00,2025-09-08,11,Support,14,14,139,97,42,30.2,424,0.816,85,79.8,100.0
2025-09-08 11:00:00,2025-09-08,11,Billing,6,6,27,27,0,0.0,356,0.445,90,97.9,98.5
2025-09-08 12:00:00,2025-09-08,12,Sales,12,12,138,131,7,5.1,324,0.983,80,65.9,99.1
2025-09-08 12:00:00,2025-09-08,12,Support,14,13,130,100,30,23.1,431,0.921,85,69.1,88.7
2025-09-08 12:00:00,2025-09-08,12,Billing,6,6,22,22,0,0.0,350,0.356,90,97.6,100.0
2025-09-08 13:00:00,2025-09-08,13,Sales,12,9,128,91,37,28.9,325,0.913,80,71.5,74.3
2025-09-08 13:00:00,2025-09-08,13,Support,14,14,174,119,55,31.6,413,0.975,85,60.9,99.2
2025-09-08 13:00:00,2025-09-08,13,Billing,6,5,27,27,0,0.0,363,0.544,90,100.0,83.0
2025-09-08 14:00:00,2025-09-08,14,Sales,12,11,158,118,40,25.3,311,0.927,80,71.2,91.0
2025-09-08 14:00:00,2025-09-08,14,Support,14,14,133,80,53,39.8,451,0.716,85,87.8,100.0
2025-09-08 14:00:00,2025-09-08,14,Billing,6,6,22,22,0,0.0,389,0.396,90,99.3,100.0
2025-09-08 15:00:00,2025-09-08,15,Sales,12,12,103,103,0,0.0,307,0.732,80,86.2,100.0
2025-09-08 15:00:00,2025-09-08,15,Support,14,14,126,105,21,16.7,427,0.89,85,67.0,96.4
2025-09-08 15:00:00,2025-09-08,15,Billing,6,6,29,29,0,0.0,374,0.502,90,93.0,99.4
2025-09-08 16:00:00,2025-09-08,16,Sales,12,12,113,113,0,0.0,322,0.842,80,78.6,99.8
2025-09-08 16:00:00,2025-09-08,16,Support,14,14,109,95,14,12.8,408,0.769,85,84.2,100.0
2025-09-08 16:00:00,2025-09-08,16,Billing,6,6,24,24,0,0.0,364,0.404,90,95.0,99.6
2025-09-08 17:00:00,2025-09-08,17,Sales,12,12,118,118,0,0.0,334,0.912,80,69.6,99.1
2025-09-08 17:00:00,2025-09-08,17,Support,14,14,125,90,35,28.0,484,0.864,85,75.0,100.0
2025-09-08 17:00:00,2025-09-08,17,Billing,3,1,4,4,0,0.0,367,0.408,90,98.9,32.2
2025-09-08 18:00:00,2025-09-08,18,Sales,12,12,139,139,0,0.0,266,0.856,80,78.0,99.0
2025-09-08 18:00:00,2025-09-08,18,Support,7,7,61,46,15,24.6,394,0.719,85,88.0,97.3
2025-09-08 18:00:00,2025-09-08,18,Billing,3,3,12,12,0,0.0,386,0.429,90,91.8,99.8
2025-09-08 19:00:00,2025-09-08,19,Sales,12,11,117,116,1,0.9,275,0.806,80,80.9,90.6
2025-09-08 19:00:00,2025-09-08,19,Support,8,7,64,51,13,20.3,436,0.882,85,74.3,86.7
2025-09-08 19:00:00,2025-09-08,19,Billing,3,2,8,8,0,0.0,405,0.45,90,97.5,67.1
2025-09-08 20:00:00,2025-09-08,20,Sales,6,6,41,41,0,0.0,267,0.507,80,99.5,98.3
2025-09-08 20:00:00,2025-09-08,20,Support,8,8,56,56,0,0.0,469,0.912,85,66.9,100.0
2025-09-08 20:00:00,2025-09-08,20,Billing,3,3,7,7,0,0.0,324,0.21,90,97.6,100.0
2025-09-08 21:00:00,2025-09-08,21,Sales,5,5,44,43,1,2.3,313,0.748,80,83.5,100.0
2025-09-08 21:00:00,2025-09-08,21,Support,9,9,74,74,0,0.0,397,0.907,85,69.3,99.3
2025-09-08 21:00:00,2025-09-08,21,Billing,4,2,5,5,0,0.0,324,0.225,90,95.1,49.2
2025-09-08 22:00:00,2025-09-08,22,Sales,6,5,21,21,0,0.0,293,0.342,80,100.0,80.6
2025-09-08 22:00:00,2025-09-08,22,Support,8,7,26,26,0,0.0,404,0.417,85,96.4,88.5
2025-09-08 22:00:00,2025-09-08,22,Billing,3,2,4,4,0,0.0,328,0.182,90,93.8,67.8
2025-09-08 23:00:00,2025-09-08,23,Sales,6,6,24,24,0,0.0,289,0.321,80,94.8,99.9
2025-09-08 23:00:00,2025-09-08,23,Support,8,7,31,31,0,0.0,431,0.53,85,100.0,92.3
2025-09-08 23:00:00,2025-09-08,23,Billing,3,3,5,5,0,0.0,353,0.163,90,95.8,100.0
2025-09-09 00:00:00,2025-09-09,0,Sales,7,6,20,20,0,0.0,294,0.272,80,98.9,86.1
2025-09-09 00:00:00,2025-09-09,0,Support,8,8,30,30,0,0.0,418,0.435,85,100.0,99.5
2025-09-09 00:00:00,2025-09-09,0,Billing,3,1,1,1,0,0.0,393,0.109,90,100.0,34.8
2025-09-09 01:00:00,2025-09-09,1,Sales,6,5,21,21,0,0.0,297,0.346,80,100.0,82.7
2025-09-09 01:00:00,2025-09-09,1,Support,8,7,30,30,0,0.0,430,0.512,85,100.0,85.8
2025-09-09 01:00:00,2025-09-09,1,Billing,3,3,5,5,0,0.0,357,0.165,90,98.2,100.0
2025-09-09 02:00:00,2025-09-09,2,Sales,6,6,26,26,0,0.0,275,0.331,80,100.0,100.0
2025-09-09 02:00:00,2025-09-09,2,Support,8,8,34,34,0,0.0,443,0.523,85,92.4,100.0
2025-09-09 02:00:00,2025-09-09,2,Billing,3,3,4,4,0,0.0,389,0.144,90,96.2,95.2
2025-09-09 03:00:00,2025-09-09,3,Sales,6,6,29,29,0,0.0,313,0.42,80,94.4,99.5
2025-09-09 03:00:00,2025-09-09,3,Support,8,8,30,30,0,0.0,381,0.397,85,97.7,99.5
2025-09-09 03:00:00,2025-09-09,3,Billing,3,1,2,2,0,0.0,361,0.201,90,96.9,31.9
2025-09-09 04:00:00,2025-09-09,4,Sales,6,5,19,19,0,0.0,290,0.306,80,98.2,83.6
2025-09-09 04:00:00,2025-09-09,4,Support,8,8,34,34,0,0.0,458,0.541,85,100.0,97.8
2025-09-09 04:00:00,2025-09-09,4,Billing,3,3,4,4,0,0.0,376,0.139,90,97.6,98.3
2025-09-09 05:00:00,2025-09-09,5,Sales,6,6,20,20,0,0.0,311,0.288,80,91.8,100.0
2025-09-09 05:00:00,2025-09-09,5,Support,8,8,27,27,0,0.0,350,0.328,85,98.1,99.5
2025-09-09 05:00:00,2025-09-09,5,Billing,3,3,5,5,0,0.0,429,0.199,90,89.9,98.7
2025-09-09 06:00:00,2025-09-09,6,Sales,5,5,49,48,1,2.0,288,0.768,80,87.6,100.0
2025-09-09 06:00:00,2025-09-09,6,Support,13,12,77,77,0,0.0,417,0.743,85,83.5,89.1
2025-09-09 06:00:00,2025-09-09,6,Billing,2,2,8,8,0,0.0,409,0.454,90,96.0,99.4
2025-09-09 07:00:00,2025-09-09,7,Sales,6,6,60,51,9,15.0,338,0.798,80,78.0,100.0
2025-09-09 07:00:00,2025-09-09,7,Support,14,13,88,77,11,12.5,437,0.719,85,89.9,92.8
2025-09-09 07:00:00,2025-09-09,7,Billing,3,3,7,7,0,0.0,338,0.219,90,100.0,100.0
2025-09-09 08:00:00,2025-09-09,8,Sales,11,11,147,119,28,19.0,297,0.892,80,72.4,98.9
2025-09-09 08:00:00,2025-09-09,8,Support,15,14,146,89,57,39.0,469,0.828,85,78.4,95.0
2025-09-09 08:00:00,2025-09-09,8,Billing,3,2,8,8,0,0.0,331,0.368,90,100.0,68.9
2025-09-09 09:00:00,2025-09-09,9,Sales,12,12,188,113,75,39.9,296,0.774,80,81.0,100.0
2025-09-09 09:00:00,2025-09-09,9,Support,14,14,131,95,36,27.5,407,0.767,85,81.7,100.0
2025-09-09 09:00:00,2025-09-09,9,Billing,6,6,23,23,0,0.0,358,0.381,90,100.0,100.0
2025-09-09 10:00:00,2025-09-09,10,Sales,12,11,147,106,41,27.9,304,0.814,80,78.4,92.1
2025-09-09 10:00:00,2025-09-09,10,Support,14,13,143,76,67,46.9,442,0.718,85,82.9,91.3
2025-09-09 10:00:00,2025-09-09,10,Billing,6,4,17,17,0,0.0,358,0.423,90,100.0,66.3
2025-09-09 11:00:00,2025-09-09,11,Sales,12,11,122,100,22,18.0,328,0.828,80,74.2,95.9
2025-09-09 11:00:00,2025-09-09,11,Support,14,14,131,103,28,21.4,415,0.848,85,74.3,97.9
2025-09-09 11:00:00,2025-09-09,11,Billing,6,6,26,26,0,0.0,388,0.467,90,100.0,100.0
2025-09-09 12:00:00,2025-09-09,12,Sales,12,11,139,124,15,10.8,294,0.921,80,68.3,91.9
2025-09-09 12:00:00,2025-09-09,12,Support,14,13,127,97,30,23.6,450,0.933,85,72.1,93.6
2025-09-09 12:00:00,2025-09-09,12,Billing,6,6,23,23,0,0.0,292,0.311,90,96.5,100.0
2025-09-09 13:00:00,2025-09-09,13,Sales,12,12,134,119,15,11.2,302,0.832,80,76.4,100.0
2025-09-09 13:00:00,2025-09-09,13,Support,14,13,137,88,49,35.8,420,0.79,85,84.4,92.7
2025-09-09 13:00:00,2025-09-09,13,Billing,6,6,22,22,0,0.0,349,0.355,90,93.4,99.7
2025-09-09 14:00:00,2025-09-09,14,Sales,12,12,162,148,14,8.6,296,1.014,80,56.7,99.9
2025-09-09 14:00:00,2025-09-09,14,Support,14,14,157,99,58,36.9,387,0.76,85,82.1,100.0
2025-09-09 14:00:00,2025-09-09,14,Billing,6,5,24,24,0,0.0,355,0.473,90,90.8,82.3
2025-09-09 15:00:00,2025-09-09,15,Sales,12,11,142,126,16,11.3,316,1.005,80,52.5,92.8
2025-09-09 15:00:00,2025-09-09,15,Support,14,13,139,101,38,27.3,365,0.788,85,81.4,91.6
2025-09-09 15:00:00,2025-09-09,15,Billing,5,5,12,12,0,0.0,374,0.249,90,96.3,99.5
2025-09-09 16:00:00,2025-09-09,16,Sales,12,10,129,79,50,38.8,320,0.702,80,88.9,84.5
2025-09-09 16:00:00,2025-09-09,16,Support,13,13,118,91,27,22.9,482,0.937,85,73.6,100.0
2025-09-09 16:00:00,2025-09-09,16,Billing,6,6,25,25,0,0.0,432,0.5,90,100.0,100.0
2025-09-09 17:00:00,2025-09-09,17,Sales,12,10,136,104,32,23.5,285,0.823,80,75.3,79.5
2025-09-09 17:00:00,2025-09-09,17,Support,14,14,165,94,71,43.0,432,0.806,85,77.7,100.0
2025-09-09 17:00:00,2025-09-09,17,Billing,3,3,17,17,0,0.0,365,0.575,90,98.2,100.0
2025-09-09 18:00:00,2025-09-09,18,Sales,12,12,156,118,38,24.4,325,0.888,80,69.6,100.0
2025-09-09 18:00:00,2025-09-09,18,Support,7,7,66,43,23,34.8,454,0.775,85,80.0,97.5
2025-09-09 18:00:00,2025-09-09,18,Billing,3,2,6,6,0,0.0,368,0.307,90,100.0,64.9
2025-09-09 19:00:00,2025-09-09,19,Sales,11,11,113,113,0,0.0,262,0.748,80,78.6,99.8
2025-09-09 19:00:00,2025-09-09,19,Support,8,8,83,58,25,30.1,418,0.842,85,77.1,100.0
2025-09-09 19:00:00,2025-09-09,19,Billing,3,2,9,9,0,0.0,338,0.422,90,98.4,65.4
2025-09-09 20:00:00,2025-09-09,20,Sales,6,6,64,56,8,12.5,297,0.77,80,86.3,96.9
2025-09-09 20:00:00,2025-09-09,20,Support,8,8,49,49,0,0.0,387,0.658,85,97.7,98.6
2025-09-09 20:00:00,2025-09-09,20,Billing,3,3,9,9,0,0.0,368,0.307,90,96.1,100.0
2025-09-09 21:00:00,2025-09-09,21,Sales,5,5,33,33,0,0.0,301,0.552,80,98.3,100.0
2025-09-09 21:00:00,2025-09-09,21,Support,8,7,47,42,5,10.6,425,0.708,85,83.1,85.7
2025-09-09 21:00:00,2025-09-09,21,Billing,3,2,7,7,0,0.0,343,0.333,90,100.0,68.9
2025-09-09 22:00:00,2025-09-09,22,Sales,7,7,39,39,0,0.0,326,0.505,80,99.4,98.7
2025-09-09 22:00:00,2025-09-09,22,Support,8,8,27,27,0,0.0,351,0.329,85,98.5,100.0
2025-09-09 22:00:00,2025-09-09,22,Billing,3,3,4,4,0,0.0,303,0.112,90,91.9,100.0
2025-09-09 23:00:00,2025-09-09,23,Sales,6,6,30,30,0,0.0,310,0.431,80,99.9,100.0
2025-09-09 23:00:00,2025-09-09,23,Support,8,8,30,30,0,0.0,455,0.474,85,96.2,100.0
2025-09-09 23:00:00,2025-09-09,23,Billing,3,3,5,5,0,0.0,341,0.158,90,99.2,96.4
2025-09-10 00:00:00,2025-09-10,0,Sales,6,4,21,21,0,0.0,302,0.44,80,98.9,65.1
2025-09-10 00:00:00,2025-09-10,0,Support,8,7,22,22,0,0.0,406,0.354,85,98.4,88.7
2025-09-10 00:00:00,2025-09-10,0,Billing,3,2,3,3,0,0.0,334,0.139,90,95.3,64.7
2025-09-10 01:00:00,2025-09-10,1,Sales,7,7,36,36,0,0.0,326,0.466,80,100.0,100.0
2025-09-10 01:00:00,2025-09-10,1,Support,8,5,16,16,0,0.0,416,0.37,85,96.9,66.2
2025-09-10 01:00:00,2025-09-10,1,Billing,2,2,3,3,0,0.0,382,0.159,90,98.8,96.1
2025-09-10 02:00:00,2025-09-10,2,Sales,5,4,17,17,0,0.0,247,0.292,80,100.0,81.9
2025-09-10 02:00:00,2025-09-10,2,Support,8,8,24,24,0,0.0,432,0.36,85,100.0,100.0
2025-09-10 02:00:00,2025-09-10,2,Billing,3,3,4,4,0,0.0,337,0.125,90,96.3,100.0
2025-09-10 03:00:00,2025-09-10,3,Sales,6,4,19,19,0,0.0,267,0.352,80,97.4,69.0
2025-09-10 03:00:00,2025-09-10,3,Support,8,8,27,27,0,0.0,427,0.4,85,96.5,99.0
2025-09-10 03:00:00,2025-09-10,3,Billing,3,3,5,5,0,0.0,393,0.182,90,98.3,98.8
2025-09-10 04:00:00,2025-09-10,4,Sales,6,6,20,20,0,0.0,326,0.302,80,100.0,100.0
2025-09-10 04:00:00,2025-09-10,4,Support,8,7,23,23,0,0.0,391,0.357,85,100.0,88.3
2025-09-10 04:00:00,2025-09-10,4,Billing,4,3,5,5,0,0.0,414,0.192,90,100.0,76.0
2025-09-10 05:00:00,2025-09-10,5,Sales,5,3,16,16,0,0.0,267,0.396,80,98.2,59.1
2025-09-10 05:00:00,2025-09-10,5,Support,8,7,19,19,0,0.0,419,0.316,85,96.6,86.8
2025-09-10 05:00:00,2025-09-10,5,Billing,3,3,5,5,0,0.0,324,0.15,90,100.0,100.0
2025-09-10 06:00:00,2025-09-10,6,Sales,6,6,44,44,0,0.0,248,0.505,80,94.9,97.9
2025-09-10 06:00:00,2025-09-10,6,Support,14,13,96,96,0,0.0,413,0.847,85,76.6,91.4
2025-09-10 06:00:00,2025-09-10,6,Billing,4,4,13,13,0,0.0,359,0.324,90,94.4,100.0
2025-09-10 07:00:00,2025-09-10,7,Sales,6,6,47,47,0,0.0,296,0.644,80,90.6,100.0
2025-09-10 07:00:00,2025-09-10,7,Support,13,13,74,74,0,0.0,465,0.735,85,89.4,100.0
2025-09-10 07:00:00,2025-09-10,7,Billing,3,3,8,8,0,0.0,358,0.265,90,100.0,100.0
2025-09-10 08:00:00,2025-09-10,8,Sales,13,13,193,146,47,24.4,326,1.017,80,62.7,98.7
2025-09-10 08:00:00,2025-09-10,8,Support,14,12,152,94,58,38.2,385,0.838,85,79.8,84.2
2025-09-10 08:00:00,2025-09-10,8,Billing,4,3,14,14,0,0.0,371,0.481,90,97.6,74.5
2025-09-10 09:00:00,2025-09-10,9,Sales,13,12,129,95,34,26.4,321,0.706,80,92.8,89.5
2025-09-10 09:00:00,2025-09-10,9,Support,14,13,160,109,51,31.9,384,0.894,85,70.8,93.7
2025-09-10 09:00:00,2025-09-10,9,Billing,6,5,17,17,0,0.0,385,0.364,90,98.0,85.1
2025-09-10 10:00:00,2025-09-10,10,Sales,12,12,132,110,22,16.7,288,0.733,80,88.4,98.8
2025-09-10 10:00:00,2025-09-10,10,Support,14,14,175,100,75,42.9,380,0.754,85,83.1,99.7
2025-09-10 10:00:00,2025-09-10,10,Billing,5,5,21,21,0,0.0,381,0.445,90,97.4,100.0
2025-09-10 11:00:00,2025-09-10,11,Sales,12,11,110,86,24,21.8,333,0.723,80,88.6,87.3
2025-09-10 11:00:00,2025-09-10,11,Support,15,15,175,125,50,28.6,411,0.951,85,69.2,100.0
2025-09-10 11:00:00,2025-09-10,11,Billing,6,5,20,20,0,0.0,329,0.366,90,95.8,82.0
2025-09-10 12:00:00,2025-09-10,12,Sales,12,12,152,152,0,0.0,270,0.95,80,70.8,99.0
2025-09-10 12:00:00,2025-09-10,12,Support,14,14,131,101,30,22.9,422,0.846,85,75.2,100.0
2025-09-10 12:00:00,2025-09-10,12,Billing,6,5,23,23,0,0.0,334,0.427,90,93.9,84.2
2025-09-10 13:00:00,2025-09-10,13,Sales,12,11,127,127,0,0.0,263,0.843,80,74.3,95.6
2025-09-10 13:00:00,2025-09-10,13,Support,14,14,164,138,26,15.9,371,1.016,85,54.5,94.3
2025-09-10 13:00:00,2025-09-10,13,Billing,6,4,21,21,0,0.0,378,0.551,90,97.5,63.9
2025-09-10 14:00:00,2025-09-10,14,Sales,12,11,152,119,33,21.7,301,0.905,80,67.4,91.9
2025-09-10 14:00:00,2025-09-10,14,Support,14,14,181,123,58,32.0,389,0.949,85,64.9,99.1
2025-09-10 14:00:00,2025-09-10,14,Billing,6,4,17,17,0,0.0,335,0.395,90,94.3,68.6
2025-09-10 15:00:00,2025-09-10,15,Sales,12,12,168,149,19,11.3,270,0.931,80,70.3,100.0
2025-09-10 15:00:00,2025-09-10,15,Support,14,13,112,112,0,0.0,381,0.912,85,74.4,91.5
2025-09-10 15:00:00,2025-09-10,15,Billing,6,6,22,22,0,0.0,337,0.343,90,94.2,97.5
2025-09-10 16:00:00,2025-09-10,16,Sales,11,9,105,94,11,10.5,310,0.899,80,71.4,80.9
2025-09-10 16:00:00,2025-09-10,16,Support,14,14,149,94,55,36.9,442,0.824,85,77.4,100.0
2025-09-10 16:00:00,2025-09-10,16,Billing,6,6,27,27,0,0.0,374,0.468,90,99.2,100.0
2025-09-10 17:00:00,2025-09-10,17,Sales,12,11,114,114,0,0.0,303,0.872,80,75.7,91.9
2025-09-10 17:00:00,2025-09-10,17,Support,14,13,168,114,54,32.1,352,0.857,85,75.5,91.9
2025-09-10 17:00:00,2025-09-10,17,Billing,3,2,7,7,0,0.0,372,0.362,90,98.9,68.6
2025-09-10 18:00:00,2025-09-10,18,Sales,12,11,125,101,24,19.2,305,0.778,80,83.5,92.7
2025-09-10 18:00:00,2025-09-10,18,Support,9,9,84,51,33,39.3,474,0.746,85,90.8,100.0
2025-09-10 18:00:00,2025-09-10,18,Billing,2,2,8,8,0,0.0,377,0.419,90,96.4,100.0
2025-09-10 19:00:00,2025-09-10,19,Sales,12,12,168,138,30,17.9,284,0.907,80,72.7,98.1
2025-09-10 19:00:00,2025-09-10,19,Support,8,8,90,50,40,44.4,429,0.745,85,81.4,99.5
2025-09-10 19:00:00,2025-09-10,19,Billing,3,2,8,8,0,0.0,399,0.443,90,99.9,66.7
2025-09-10 20:00:00,2025-09-10,20,Sales,6,6,64,61,3,4.7,299,0.844,80,79.6,99.9
2025-09-10 20:00:00,2025-09-10,20,Support,8,8,38,38,0,0.0,417,0.55,85,100.0,98.7
2025-09-10 20:00:00,2025-09-10,20,Billing,3,3,8,8,0,0.0,352,0.261,90,95.3,99.0
2025-09-10 21:00:00,2025-09-10,21,Sales,6,6,53,53,0,0.0,299,0.734,80,79.8,100.0
2025-09-10 21:00:00,2025-09-10,21,Support,8,7,43,43,0,0.0,391,0.667,85,89.7,88.8
2025-09-10 21:00:00,2025-09-10,21,Billing,3,3,8,8,0,0.0,401,0.297,90,93.8,100.0
2025-09-10 22:00:00,2025-09-10,22,Sales,6,6,29,29,0,0.0,291,0.391,80,100.0,98.3
2025-09-10 22:00:00,2025-09-10,22,Support,8,7,20,20,0,0.0,419,0.333,85,97.8,88.0
2025-09-10 22:00:00,2025-09-10,22,Billing,4,4,5,5,0,0.0,387,0.134,90,96.9,100.0
2025-09-10 23:00:00,2025-09-10,23,Sales,6,6,33,33,0,0.0,301,0.46,80,96.6,98.5
2025-09-10 23:00:00,2025-09-10,23,Support,8,7,21,21,0,0.0,413,0.344,85,100.0,88.6
2025-09-10 23:00:00,2025-09-10,23,Billing,3,3,5,5,0,0.0,344,0.159,90,100.0,99.5
