Timestamp,Date,Hour,Queue,Scheduled_Agents,LoggedIn_Agents,Calls_Offered,Calls_Answered,Calls_Abandoned,Abandonment_Rate_pct,Avg_Handle_Time_sec,Occupancy,Adherence_pct,SLA_Gap_pct,SLA_Flag,Delta_Agents,Estimate_Wait_Time,SLA_Actual_pct_fixed,SLA_Target_pct_fixed
9/6/2025 5:00,9/6/2025,5,Billing,2,0,0,0,0,0.00,400,,0,9.3,OK,-2,6.3,0.993,0.9
9/2/2025 4:00,9/2/2025,4,Billing,3,1,1,1,0,0.00,384,0.107,30.9,10,MISS,-2,11.6,1,0.9
9/3/2025 23:00,9/3/2025,23,Billing,3,1,1,1,0,0.00,357,0.099,34.5,6.4,MISS,-2,14.9,0.964,0.9
9/4/2025 2:00,9/4/2025,2,Billing,3,1,1,1,0,0.00,327,0.091,33.1,5.5,MISS,-2,14.1,0.955,0.9
9/6/2025 0:00,9/6/2025,0,Billing,2,0,1,0,1,100.00,362,,0,10,OK,-2,9.0,1,0.9
9/8/2025 0:00,9/8/2025,0,Billing,3,1,1,1,0,0.00,341,0.095,36.4,4.2,OK,-2,15.6,0.942,0.9
9/9/2025 0:00,9/9/2025,0,Billing,3,1,1,1,0,0.00,393,0.109,34.8,10,OK,-2,7.1,1,0.9
9/1/2025 1:00,9/1/2025,1,Billing,2,1,2,2,0,0.00,324,0.18,50.4,4,OK,-1,10.0,0.94,0.9
9/2/2025 22:00,9/2/2025,22,Billing,2,0,2,0,2,100.00,359,,0,10,OK,-2,18.1,1,0.9
9/3/2025 1:00,9/3/2025,1,Billing,3,2,2,2,0,0.00,366,0.102,66.5,7.2,OK,-1,16.3,0.972,0.9
9/3/2025 2:00,9/3/2025,2,Billing,3,1,2,2,0,0.00,363,0.202,32,10,MISS,-2,10.5,1,0.9
9/5/2025 0:00,9/5/2025,0,Billing,3,1,2,2,0,0.00,375,0.208,32.9,10,OK,-2,13.8,1,0.9
9/5/2025 22:00,9/5/2025,22,Billing,3,1,2,2,0,0.00,376,0.209,34.8,10,OK,-2,12.3,1,0.9
9/6/2025 22:00,9/6/2025,22,Billing,3,1,2,2,0,0.00,341,0.189,36.8,1.7,OK,-2,9.3,0.917,0.9
9/7/2025 2:00,9/7/2025,2,Billing,3,2,2,2,0,0.00,358,0.099,70.6,3.9,OK,-1,12.8,0.939,0.9
9/8/2025 5:00,9/8/2025,5,Billing,3,1,2,2,0,0.00,337,0.187,35.5,1.4,OK,-2,14.8,0.914,0.9
9/9/2025 3:00,9/9/2025,3,Billing,3,1,2,2,0,0.00,361,0.201,31.9,6.9,OK,-2,19.1,0.969,0.9
9/1/2025 2:00,9/1/2025,2,Billing,3,2,3,3,0,0.00,336,0.14,68.9,3.5,MISS,-1,15.9,0.935,0.9
9/1/2025 3:00,9/1/2025,3,Billing,2,2,3,3,0,0.00,363,0.151,100,10,OK,0,11.5,1,0.9
9/1/2025 4:00,9/1/2025,4,Billing,3,2,3,3,0,0.00,353,0.147,67.2,8.9,OK,-1,8.7,0.989,0.9
9/1/2025 6:00,9/1/2025,6,Billing,2,1,3,3,0,0.00,360,0.3,50.9,4.8,OK,-1,19.8,0.948,0.9
9/1/2025 7:00,9/1/2025,7,Billing,3,0,3,0,3,100.00,340,,1.7,8.7,OK,-3,14.9,0.987,0.9
9/1/2025 21:00,9/1/2025,21,Billing,3,1,3,3,0,0.00,349,0.291,31.6,8.7,OK,-2,12.9,0.987,0.9
9/1/2025 22:00,9/1/2025,22,Billing,3,3,3,3,0,0.00,346,0.096,100,10,OK,0,18.1,1,0.9
9/2/2025 0:00,9/2/2025,0,Billing,3,2,3,3,0,0.00,337,0.14,67.3,10,MISS,-1,16.3,1,0.9
9/2/2025 23:00,9/2/2025,23,Billing,3,2,3,3,0,0.00,386,0.161,69.6,4.2,OK,-1,14.2,0.942,0.9
9/3/2025 3:00,9/3/2025,3,Billing,3,2,3,3,0,0.00,306,0.128,68.8,8.7,OK,-1,14.3,0.987,0.9
9/3/2025 6:00,9/3/2025,6,Billing,3,1,3,3,0,0.00,364,0.303,27.5,10,OK,-2,12.5,1,0.9
9/4/2025 3:00,9/4/2025,3,Billing,2,2,3,3,0,0.00,345,0.144,99.7,9,OK,0,12.0,0.99,0.9
9/4/2025 4:00,9/4/2025,4,Billing,3,2,3,3,0,0.00,357,0.149,66.2,9.1,OK,-1,19.8,0.991,0.9
9/4/2025 5:00,9/4/2025,5,Billing,3,2,3,3,0,0.00,315,0.131,67.8,4.7,OK,-1,13.6,0.947,0.9
9/4/2025 7:00,9/4/2025,7,Billing,3,1,3,3,0,0.00,358,0.298,39.7,7.5,MISS,-2,13.1,0.975,0.9
9/4/2025 23:00,9/4/2025,23,Billing,4,2,3,3,0,0.00,350,0.146,49.3,9.9,OK,-2,11.8,0.999,0.9
9/5/2025 1:00,9/5/2025,1,Billing,3,2,3,3,0,0.00,387,0.161,68.1,9.5,OK,-1,7.0,0.995,0.9
9/6/2025 4:00,9/6/2025,4,Billing,3,2,3,3,0,0.00,370,0.154,65.6,7,OK,-1,8.3,0.97,0.9
9/6/2025 6:00,9/6/2025,6,Billing,2,1,3,3,0,0.00,371,0.309,49.6,1.7,OK,-1,20.0,0.917,0.9
9/7/2025 3:00,9/7/2025,3,Billing,3,2,3,3,0,0.00,404,0.168,70.8,9.3,MISS,-1,12.9,0.993,0.9
9/7/2025 5:00,9/7/2025,5,Billing,2,2,3,3,0,0.00,327,0.136,100,8.2,OK,0,19.5,0.982,0.9
9/10/2025 0:00,9/10/2025,0,Billing,3,2,3,3,0,0.00,334,0.139,64.7,5.3,OK,-1,17.5,0.953,0.9
9/10/2025 1:00,9/10/2025,1,Billing,2,2,3,3,0,0.00,382,0.159,96.1,8.8,OK,0,7.2,0.988,0.9
9/1/2025 23:00,9/1/2025,23,Billing,3,3,4,4,0,0.00,346,0.128,100,4.5,MISS,0,19.8,0.945,0.9
9/3/2025 0:00,9/3/2025,0,Billing,3,3,4,4,0,0.00,364,0.135,100,6.1,OK,0,19.1,0.961,0.9
9/3/2025 5:00,9/3/2025,5,Billing,3,2,4,4,0,0.00,384,0.213,67.5,9.1,OK,-1,6.9,0.991,0.9
9/4/2025 8:00,9/4/2025,8,Billing,3,1,4,4,0,0.00,350,0.389,34.9,8.9,MISS,-2,10.0,0.989,0.9
9/4/2025 17:00,9/4/2025,17,Billing,3,1,4,4,0,0.00,346,0.384,32.1,8.4,OK,-2,15.8,0.984,0.9
9/4/2025 22:00,9/4/2025,22,Billing,3,3,4,4,0,0.00,324,0.12,100,2.1,MISS,0,7.1,0.921,0.9
9/5/2025 4:00,9/5/2025,4,Billing,3,2,4,4,0,0.00,336,0.187,66.7,6.1,OK,-1,17.8,0.961,0.9
9/6/2025 2:00,9/6/2025,2,Billing,3,3,4,4,0,0.00,388,0.144,100,10,OK,0,5.6,1,0.9
9/6/2025 3:00,9/6/2025,3,Billing,3,3,4,4,0,0.00,366,0.136,95.4,7.9,OK,0,6.2,0.979,0.9
9/7/2025 17:00,9/7/2025,17,Billing,3,1,4,4,0,0.00,323,0.359,33.6,10,OK,-2,8.6,1,0.9
9/8/2025 4:00,9/8/2025,4,Billing,3,3,4,4,0,0.00,383,0.142,97.4,5.3,OK,0,9.2,0.953,0.9
9/8/2025 17:00,9/8/2025,17,Billing,3,1,4,4,0,0.00,367,0.408,32.2,8.9,MISS,-2,7.6,0.989,0.9
9/8/2025 22:00,9/8/2025,22,Billing,3,2,4,4,0,0.00,328,0.182,67.8,3.8,MISS,-1,6.4,0.938,0.9
9/9/2025 2:00,9/9/2025,2,Billing,3,3,4,4,0,0.00,389,0.144,95.2,6.2,OK,0,18.6,0.962,0.9
9/9/2025 4:00,9/9/2025,4,Billing,3,3,4,4,0,0.00,376,0.139,98.3,7.6,OK,0,15.7,0.976,0.9
9/9/2025 22:00,9/9/2025,22,Billing,3,3,4,4,0,0.00,303,0.112,100,1.9,MISS,0,6.0,0.919,0.9
9/10/2025 2:00,9/10/2025,2,Billing,3,3,4,4,0,0.00,337,0.125,100,6.3,OK,0,6.6,0.963,0.9
9/1/2025 0:00,9/1/2025,0,Billing,3,3,5,5,0,0.00,331,0.153,95.7,5.9,MISS,0,10.6,0.959,0.9
9/1/2025 20:00,9/1/2025,20,Billing,3,2,5,5,0,0.00,383,0.266,64.9,6.1,MISS,-1,12.3,0.961,0.9
9/2/2025 1:00,9/2/2025,1,Billing,3,3,5,5,0,0.00,417,0.193,95.8,10,OK,0,12.9,1,0.9
9/2/2025 2:00,9/2/2025,2,Billing,3,3,5,5,0,0.00,435,0.201,100,5.6,MISS,0,7.7,0.956,0.9
9/2/2025 3:00,9/2/2025,3,Billing,3,3,5,5,0,0.00,343,0.159,99,9.9,OK,0,13.0,0.999,0.9
9/2/2025 5:00,9/2/2025,5,Billing,3,3,5,5,0,0.00,389,0.18,99.2,5.3,OK,0,7.4,0.953,0.9
9/3/2025 4:00,9/3/2025,4,Billing,3,3,5,5,0,0.00,355,0.164,96.5,10,OK,0,7.6,1,0.9
9/3/2025 22:00,9/3/2025,22,Billing,3,3,5,5,0,0.00,377,0.175,99.4,7.3,MISS,0,18.8,0.973,0.9
9/4/2025 1:00,9/4/2025,1,Billing,3,3,5,5,0,0.00,316,0.146,98.3,8.5,OK,0,7.1,0.985,0.9
9/5/2025 3:00,9/5/2025,3,Billing,4,3,5,5,0,0.00,335,0.155,75.4,-1.1,OK,-1,42.3,0.889,0.9
9/5/2025 23:00,9/5/2025,23,Billing,3,3,5,5,0,0.00,410,0.19,98.1,10,OK,0,13.6,1,0.9
9/6/2025 1:00,9/6/2025,1,Billing,3,3,5,5,0,0.00,373,0.173,100,6.6,MISS,0,19.5,0.966,0.9
9/6/2025 8:00,9/6/2025,8,Billing,2,1,5,5,0,0.00,380,0.528,50.1,4.6,MISS,-1,12.2,0.946,0.9
9/7/2025 0:00,9/7/2025,0,Billing,3,3,5,5,0,0.00,389,0.18,99.5,6.2,OK,0,12.5,0.962,0.9
9/7/2025 1:00,9/7/2025,1,Billing,3,3,5,5,0,0.00,395,0.183,100,10,OK,0,13.3,1,0.9
9/7/2025 4:00,9/7/2025,4,Billing,3,3,5,5,0,0.00,372,0.172,97.2,4.1,OK,0,10.3,0.941,0.9
9/7/2025 18:00,9/7/2025,18,Billing,3,1,5,5,0,0.00,344,0.478,31.4,10,OK,-2,14.7,1,0.9
9/7/2025 20:00,9/7/2025,20,Billing,3,2,5,5,0,0.00,400,0.278,64.8,9.8,MISS,-1,16.1,0.998,0.9
9/8/2025 2:00,9/8/2025,2,Billing,3,3,5,5,0,0.00,354,0.164,100,10,OK,0,7.1,1,0.9
9/8/2025 3:00,9/8/2025,3,Billing,3,3,5,5,0,0.00,337,0.156,100,10,OK,0,10.2,1,0.9
9/8/2025 6:00,9/8/2025,6,Billing,3,2,5,5,0,0.00,395,0.274,64.5,10,MISS,-1,16.3,1,0.9
9/8/2025 21:00,9/8/2025,21,Billing,4,2,5,5,0,0.00,324,0.225,49.2,5.1,OK,-2,17.4,0.951,0.9
9/8/2025 23:00,9/8/2025,23,Billing,3,3,5,5,0,0.00,353,0.163,100,5.8,OK,0,7.9,0.958,0.9
9/9/2025 1:00,9/9/2025,1,Billing,3,3,5,5,0,0.00,357,0.165,100,8.2,MISS,0,18.1,0.982,0.9
9/9/2025 5:00,9/9/2025,5,Billing,3,3,5,5,0,0.00,429,0.199,98.7,-0.1,OK,0,44.6,0.899,0.9
9/9/2025 23:00,9/9/2025,23,Billing,3,3,5,5,0,0.00,341,0.158,96.4,9.2,OK,0,6.9,0.992,0.9
9/10/2025 3:00,9/10/2025,3,Billing,3,3,5,5,0,0.00,393,0.182,98.8,8.3,MISS,0,17.2,0.983,0.9
9/10/2025 4:00,9/10/2025,4,Billing,4,3,5,5,0,0.00,414,0.192,76,10,OK,-1,10.2,1,0.9
9/10/2025 5:00,9/10/2025,5,Billing,3,3,5,5,0,0.00,324,0.15,100,10,MISS,0,10.4,1,0.9
9/10/2025 22:00,9/10/2025,22,Billing,4,4,5,5,0,0.00,387,0.134,100,6.9,MISS,0,9.6,0.969,0.9
9/10/2025 23:00,9/10/2025,23,Billing,3,3,5,5,0,0.00,344,0.159,99.5,10,OK,0,19.3,1,0.9
9/1/2025 5:00,9/1/2025,5,Billing,3,3,6,6,0,0.00,362,0.201,99.5,9.4,OK,0,15.1,0.994,0.9
9/2/2025 20:00,9/2/2025,20,Billing,3,2,6,6,0,0.00,361,0.301,65.9,9.9,OK,-1,14.3,0.999,0.9
9/3/2025 20:00,9/3/2025,20,Billing,3,2,6,6,0,0.00,326,0.272,66.9,10,OK,-1,7.9,1,0.9
9/4/2025 0:00,9/4/2025,0,Billing,4,4,6,6,0,0.00,397,0.165,100,10,OK,0,13.7,1,0.9
9/5/2025 20:00,9/5/2025,20,Billing,2,2,6,6,0,0.00,365,0.304,100,4.4,MISS,0,17.6,0.944,0.9
9/6/2025 23:00,9/6/2025,23,Billing,3,3,6,6,0,0.00,380,0.211,99.7,6.1,OK,0,11.4,0.961,0.9
9/7/2025 22:00,9/7/2025,22,Billing,4,4,6,6,0,0.00,430,0.179,98,3,OK,0,8.4,0.93,0.9
9/7/2025 23:00,9/7/2025,23,Billing,4,4,6,6,0,0.00,338,0.141,97.2,10,MISS,0,8.4,1,0.9
9/8/2025 1:00,9/8/2025,1,Billing,4,4,6,6,0,0.00,321,0.134,100,4.1,OK,0,18.6,0.941,0.9
9/9/2025 18:00,9/9/2025,18,Billing,3,2,6,6,0,0.00,368,0.307,64.9,10,OK,-1,19.4,1,0.9
9/3/2025 7:00,9/3/2025,7,Billing,3,2,7,7,0,0.00,392,0.381,69.9,4.7,OK,-1,18.1,0.947,0.9
9/4/2025 21:00,9/4/2025,21,Billing,2,2,7,7,0,0.00,353,0.343,100,7.7,OK,0,8.7,0.977,0.9
9/5/2025 2:00,9/5/2025,2,Billing,4,4,7,7,0,0.00,361,0.175,98.4,8,MISS,0,11.3,0.98,0.9
9/5/2025 6:00,9/5/2025,6,Billing,3,3,7,7,0,0.00,320,0.207,100,6.6,OK,0,20.0,0.966,0.9
9/5/2025 7:00,9/5/2025,7,Billing,3,2,7,7,0,0.00,351,0.341,66.9,2.8,OK,-1,14.0,0.928,0.9
9/5/2025 21:00,9/5/2025,21,Billing,3,3,7,7,0,0.00,358,0.232,97.4,10,OK,0,12.3,1,0.9
9/6/2025 7:00,9/6/2025,7,Billing,2,2,7,7,0,0.00,352,0.342,100,2.4,OK,0,9.4,0.924,0.9
9/8/2025 20:00,9/8/2025,20,Billing,3,3,7,7,0,0.00,324,0.21,100,7.6,OK,0,13.6,0.976,0.9
9/9/2025 7:00,9/9/2025,7,Billing,3,3,7,7,0,0.00,338,0.219,100,10,OK,0,17.5,1,0.9
9/9/2025 21:00,9/9/2025,21,Billing,3,2,7,7,0,0.00,343,0.333,68.9,10,OK,-1,19.4,1,0.9
9/10/2025 17:00,9/10/2025,17,Billing,3,2,7,7,0,0.00,372,0.362,68.6,8.9,OK,-1,15.8,0.989,0.9
9/1/2025 17:00,9/1/2025,17,Billing,3,2,8,8,0,0.00,382,0.424,66.8,3.7,MISS,-1,14.4,0.937,0.9
9/3/2025 8:00,9/3/2025,8,Billing,3,2,8,8,0,0.00,355,0.394,63.4,4.2,OK,-1,16.7,0.942,0.9
9/3/2025 21:00,9/3/2025,21,Billing,3,3,8,8,0,0.00,389,0.288,99,4.2,OK,0,10.2,0.942,0.9
9/5/2025 5:00,9/5/2025,5,Billing,4,4,8,8,0,0.00,358,0.199,100,10,OK,0,10.7,1,0.9
9/6/2025 21:00,9/6/2025,21,Billing,3,3,8,8,0,0.00,359,0.266,98.5,6,OK,0,11.7,0.96,0.9
9/7/2025 6:00,9/7/2025,6,Billing,3,3,8,8,0,0.00,352,0.261,100,10,OK,0,14.2,1,0.9
9/8/2025 7:00,9/8/2025,7,Billing,3,3,8,8,0,0.00,367,0.272,95,9.7,MISS,0,11.9,0.997,0.9
9/8/2025 19:00,9/8/2025,19,Billing,3,2,8,8,0,0.00,405,0.45,67.1,7.5,OK,-1,13.2,0.975,0.9
9/9/2025 6:00,9/9/2025,6,Billing,2,2,8,8,0,0.00,409,0.454,99.4,6,OK,0,16.6,0.96,0.9
9/9/2025 8:00,9/9/2025,8,Billing,3,2,8,8,0,0.00,331,0.368,68.9,10,OK,-1,11.2,1,0.9
9/10/2025 7:00,9/10/2025,7,Billing,3,3,8,8,0,0.00,358,0.265,100,10,OK,0,19.3,1,0.9
9/10/2025 18:00,9/10/2025,18,Billing,2,2,8,8,0,0.00,377,0.419,100,6.4,OK,0,19.1,0.964,0.9
9/10/2025 19:00,9/10/2025,19,Billing,3,2,8,8,0,0.00,399,0.443,66.7,9.9,OK,-1,13.0,0.999,0.9
9/10/2025 20:00,9/10/2025,20,Billing,3,3,8,8,0,0.00,352,0.261,99,5.3,OK,0,11.7,0.953,0.9
9/10/2025 21:00,9/10/2025,21,Billing,3,3,8,8,0,0.00,401,0.297,100,3.8,OK,0,11.1,0.938,0.9
9/4/2025 18:00,9/4/2025,18,Billing,3,2,9,9,0,0.00,380,0.475,67.9,9.1,OK,-1,16.9,0.991,0.9
9/5/2025 8:00,9/5/2025,8,Billing,3,2,9,9,0,0.00,381,0.476,67.1,7.3,MISS,-1,9.4,0.973,0.9
9/5/2025 18:00,9/5/2025,18,Billing,3,2,9,9,0,0.00,358,0.448,67.8,10,MISS,-1,19.2,1,0.9
9/6/2025 18:00,9/6/2025,18,Billing,3,2,9,9,0,0.00,395,0.494,68.4,7.2,MISS,-1,9.7,0.972,0.9
9/8/2025 8:00,9/8/2025,8,Billing,3,2,9,9,0,0.00,339,0.424,64.1,8.2,MISS,-1,15.2,0.982,0.9
9/9/2025 19:00,9/9/2025,19,Billing,3,2,9,9,0,0.00,338,0.422,65.4,8.4,OK,-1,9.3,0.984,0.9
9/9/2025 20:00,9/9/2025,20,Billing,3,3,9,9,0,0.00,368,0.307,100,6.1,MISS,0,11.3,0.961,0.9
9/2/2025 7:00,9/2/2025,7,Billing,3,3,10,10,0,0.00,349,0.323,98.4,3.9,MISS,0,8.4,0.939,0.9
9/2/2025 21:00,9/2/2025,21,Billing,3,3,10,10,0,0.00,385,0.356,99.6,2.3,MISS,0,14.8,0.923,0.9
9/3/2025 17:00,9/3/2025,17,Billing,3,2,10,10,0,0.00,354,0.492,65.8,6.3,MISS,-1,19.6,0.963,0.9
9/4/2025 6:00,9/4/2025,6,Billing,3,3,10,10,0,0.00,373,0.345,97.9,10,MISS,0,18.9,1,0.9
9/4/2025 19:00,9/4/2025,19,Billing,3,2,10,10,0,0.00,326,0.453,69.5,7.2,MISS,-1,19.1,0.972,0.9
9/1/2025 18:00,9/1/2025,18,Billing,4,3,11,11,0,0.00,340,0.346,75.9,7.3,MISS,-1,9.6,0.973,0.9
9/2/2025 6:00,9/2/2025,6,Billing,4,4,11,11,0,0.00,370,0.283,100,3.6,OK,0,12.7,0.936,0.9
9/2/2025 17:00,9/2/2025,17,Billing,3,3,11,11,0,0.00,344,0.35,100,7.4,OK,0,18.7,0.974,0.9
9/4/2025 20:00,9/4/2025,20,Billing,3,3,11,11,0,0.00,398,0.405,98.6,7.5,OK,0,8.8,0.975,0.9
9/6/2025 20:00,9/6/2025,20,Billing,3,3,11,11,0,0.00,345,0.351,100,10,MISS,0,16.3,1,0.9
9/7/2025 7:00,9/7/2025,7,Billing,3,3,11,11,0,0.00,366,0.373,99,10,OK,0,5.4,1,0.9
9/7/2025 8:00,9/7/2025,8,Billing,3,3,11,11,0,0.00,403,0.41,100,10,OK,0,5.7,1,0.9
9/7/2025 19:00,9/7/2025,19,Billing,3,3,11,11,0,0.00,358,0.365,100,5.4,MISS,0,18.2,0.954,0.9
9/7/2025 21:00,9/7/2025,21,Billing,4,4,11,11,0,0.00,355,0.271,98,9.4,OK,0,15.4,0.994,0.9
9/2/2025 18:00,9/2/2025,18,Billing,4,3,12,12,0,0.00,316,0.351,74,8.2,OK,-1,12.7,0.982,0.9
9/5/2025 17:00,9/5/2025,17,Billing,3,2,12,12,0,0.00,417,0.695,68.7,2.7,OK,-1,10.9,0.927,0.9
9/6/2025 17:00,9/6/2025,17,Billing,3,3,12,12,0,0.00,305,0.339,100,6.9,MISS,0,16.3,0.969,0.9
9/8/2025 18:00,9/8/2025,18,Billing,3,3,12,12,0,0.00,386,0.429,99.8,1.8,OK,0,19.9,0.918,0.9
9/9/2025 15:00,9/9/2025,15,Billing,5,5,12,12,0,0.00,374,0.249,99.5,6.3,OK,0,9.7,0.963,0.9
9/1/2025 1:00,9/1/2025,1,Support,7,4,13,13,0,0.00,430,0.388,55,13,MISS,-3,6.4,0.98,0.85
9/1/2025 8:00,9/1/2025,8,Billing,3,3,13,13,0,0.00,448,0.539,99.7,8.2,OK,0,13.4,0.982,0.9
9/2/2025 8:00,9/2/2025,8,Billing,3,3,13,13,0,0.00,340,0.409,100,3.5,OK,0,19.8,0.935,0.9
9/3/2025 19:00,9/3/2025,19,Billing,3,3,13,13,0,0.00,326,0.392,100,7.5,OK,0,5.7,0.975,0.9
9/8/2025 0:00,9/8/2025,0,Sales,5,3,13,13,0,0.00,355,0.427,61.8,15.9,OK,-2,15.4,0.959,0.8
9/10/2025 6:00,9/10/2025,6,Billing,4,4,13,13,0,0.00,359,0.324,100,4.4,OK,0,8.2,0.944,0.9
9/1/2025 2:00,9/1/2025,2,Sales,7,4,14,14,0,0.00,276,0.268,59.3,16.6,MISS,-3,17.8,0.966,0.8
9/1/2025 9:00,9/1/2025,9,Billing,6,4,14,14,0,0.00,370,0.36,62,6.2,OK,-2,18.9,0.962,0.9
9/3/2025 18:00,9/3/2025,18,Billing,3,3,14,14,0,0.00,376,0.487,99.7,7.9,MISS,0,14.5,0.979,0.9
9/4/2025 14:00,9/4/2025,14,Billing,5,3,14,14,0,0.00,365,0.473,58.6,2.6,MISS,-2,10.9,0.926,0.9
9/10/2025 8:00,9/10/2025,8,Billing,4,3,14,14,0,0.00,371,0.481,74.5,7.6,OK,-1,11.8,0.976,0.9
9/2/2025 19:00,9/2/2025,19,Billing,4,3,15,15,0,0.00,451,0.626,70.5,7.7,OK,-1,16.9,0.977,0.9
9/6/2025 3:00,9/6/2025,3,Sales,5,3,15,15,0,0.00,279,0.388,57.2,19.8,MISS,-2,12.0,0.998,0.8
9/8/2025 10:00,9/8/2025,10,Billing,6,4,15,15,0,0.00,371,0.386,67.4,3.9,OK,-2,11.2,0.939,0.9
9/2/2025 9:00,9/2/2025,9,Billing,6,5,16,16,0,0.00,394,0.35,82.6,10,MISS,-1,14.1,1,0.9
9/3/2025 10:00,9/3/2025,10,Billing,6,5,16,16,0,0.00,343,0.305,81.4,9.7,MISS,-1,17.0,0.997,0.9
9/5/2025 19:00,9/5/2025,19,Billing,3,3,16,16,0,0.00,392,0.581,100,6.9,OK,0,7.9,0.969,0.9
9/6/2025 4:00,9/6/2025,4,Sales,6,6,16,16,0,0.00,274,0.203,100,16.7,OK,0,18.9,0.967,0.8
9/6/2025 13:00,9/6/2025,13,Billing,6,3,16,16,0,0.00,380,0.563,49,10,MISS,-3,10.4,1,0.9
9/6/2025 15:00,9/6/2025,15,Billing,6,4,16,16,0,0.00,372,0.413,65.1,9.9,OK,-2,6.8,0.999,0.9
9/6/2025 16:00,9/6/2025,16,Billing,5,5,16,16,0,0.00,355,0.316,99.1,2.9,MISS,0,5.3,0.929,0.9
9/7/2025 5:00,9/7/2025,5,Sales,6,6,16,16,0,0.00,264,0.196,97.4,16.3,MISS,0,19.3,0.963,0.8
9/10/2025 1:00,9/10/2025,1,Support,8,5,16,16,0,0.00,416,0.37,66.2,11.9,OK,-3,11.8,0.969,0.85
9/10/2025 5:00,9/10/2025,5,Sales,5,3,16,16,0,0.00,267,0.396,59.1,18.2,MISS,-2,5.6,0.982,0.8
9/1/2025 0:00,9/1/2025,0,Sales,6,4,17,17,0,0.00,294,0.347,68.7,18.8,OK,-2,7.9,0.988,0.8
9/1/2025 19:00,9/1/2025,19,Billing,4,4,17,17,0,0.00,310,0.366,100,10,OK,0,13.3,1,0.9
9/3/2025 13:00,9/3/2025,13,Billing,5,4,17,17,0,0.00,390,0.46,80.7,2,MISS,-1,7.3,0.92,0.9
9/8/2025 1:00,9/8/2025,1,Sales,5,4,17,17,0,0.00,269,0.318,82.4,19,MISS,-1,10.1,0.99,0.8
9/9/2025 10:00,9/9/2025,10,Billing,6,4,17,17,0,0.00,358,0.423,66.3,10,OK,-2,5.5,1,0.9
9/9/2025 17:00,9/9/2025,17,Billing,3,3,17,17,0,0.00,365,0.575,100,8.2,OK,0,9.1,0.982,0.9
9/10/2025 2:00,9/10/2025,2,Sales,5,4,17,17,0,0.00,247,0.292,81.9,20,OK,-1,6.9,1,0.8
9/10/2025 9:00,9/10/2025,9,Billing,6,5,17,17,0,0.00,385,0.364,85.1,8,OK,-1,17.7,0.98,0.9
9/10/2025 14:00,9/10/2025,14,Billing,6,4,17,17,0,0.00,335,0.395,68.6,4.3,MISS,-2,14.5,0.943,0.9
9/2/2025 23:00,9/2/2025,23,Sales,6,6,18,18,0,0.00,265,0.221,100,19.9,OK,0,5.6,0.999,0.8
9/3/2025 9:00,9/3/2025,9,Billing,6,6,18,18,0,0.00,402,0.335,100,10,OK,0,7.6,1,0.9
9/4/2025 9:00,9/4/2025,9,Billing,5,4,18,18,0,0.00,377,0.471,81.2,5.6,OK,-1,10.2,0.956,0.9
9/6/2025 11:00,9/6/2025,11,Billing,6,4,18,18,0,0.00,370,0.463,66.9,5.9,MISS,-2,15.3,0.959,0.9
9/8/2025 2:00,9/8/2025,2,Sales,5,4,18,18,0,0.00,263,0.329,78.4,17.7,MISS,-1,16.3,0.977,0.8
9/1/2025 3:00,9/1/2025,3,Sales,5,5,19,19,0,0.00,328,0.346,100,17.8,MISS,0,6.5,0.978,0.8
9/2/2025 14:00,9/2/2025,14,Billing,6,5,19,19,0,0.00,352,0.372,81.2,10,OK,-1,16.1,1,0.9
9/3/2025 2:00,9/3/2025,2,Sales,5,5,19,19,0,0.00,305,0.322,100,16.3,OK,0,17.4,0.963,0.8
9/3/2025 12:00,9/3/2025,12,Billing,6,6,19,19,0,0.00,402,0.354,100,5.6,MISS,0,19.3,0.956,0.9
9/4/2025 1:00,9/4/2025,1,Support,8,8,19,19,0,0.00,393,0.259,100,13.7,OK,0,10.4,0.987,0.85
9/5/2025 2:00,9/5/2025,2,Sales,6,4,19,19,0,0.00,314,0.414,64.9,17.9,OK,-2,7.6,0.979,0.8
9/6/2025 4:00,9/6/2025,4,Support,8,8,19,19,0,0.00,458,0.302,100,14.7,OK,0,6.7,0.997,0.85
9/7/2025 11:00,9/7/2025,11,Billing,6,5,19,19,0,0.00,380,0.401,82.6,-0.7,OK,-1,47.0,0.893,0.9
9/9/2025 4:00,9/9/2025,4,Sales,6,5,19,19,0,0.00,290,0.306,83.6,18.2,OK,-1,9.2,0.982,0.8
9/10/2025 3:00,9/10/2025,3,Sales,6,4,19,19,0,0.00,267,0.352,69,17.4,OK,-2,12.9,0.974,0.8
9/10/2025 5:00,9/10/2025,5,Support,8,7,19,19,0,0.00,419,0.316,86.8,11.6,MISS,-1,8.0,0.966,0.85
9/1/2025 11:00,9/1/2025,11,Billing,6,6,20,20,0,0.00,323,0.299,98.5,2,OK,0,16.3,0.92,0.9
9/1/2025 23:00,9/1/2025,23,Sales,6,5,20,20,0,0.00,274,0.304,84.3,20,OK,-1,16.5,1,0.8
9/4/2025 0:00,9/4/2025,0,Support,8,7,20,20,0,0.00,415,0.329,85.6,15,OK,-1,9.8,1,0.85
9/4/2025 4:00,9/4/2025,4,Support,7,6,20,20,0,0.00,476,0.441,83.5,14.1,MISS,-1,12.2,0.991,0.85
9/4/2025 20:00,9/4/2025,20,Sales,6,3,20,20,0,0.00,319,0.591,51.6,20,MISS,-3,8.1,1,0.8
9/5/2025 3:00,9/5/2025,3,Sales,6,5,20,20,0,0.00,296,0.329,81.5,15.7,MISS,-1,13.0,0.957,0.8
9/5/2025 5:00,9/5/2025,5,Sales,6,5,20,20,0,0.00,320,0.356,81.8,17.2,OK,-1,17.4,0.972,0.8
9/5/2025 13:00,9/5/2025,13,Billing,6,4,20,20,0,0.00,341,0.474,67,8.7,OK,-2,18.3,0.987,0.9
9/6/2025 1:00,9/6/2025,1,Support,8,6,20,20,0,0.00,456,0.422,77.1,15,OK,-2,15.0,1,0.85
9/6/2025 2:00,9/6/2025,2,Sales,6,6,20,20,0,0.00,300,0.278,100,20,OK,0,5.3,1,0.8
9/7/2025 0:00,9/7/2025,0,Sales,5,4,20,20,0,0.00,283,0.393,80.4,19.5,OK,-1,16.4,0.995,0.8
9/7/2025 13:00,9/7/2025,13,Billing,5,4,20,20,0,0.00,377,0.524,81.4,6.8,OK,-1,18.6,0.968,0.9
9/9/2025 0:00,9/9/2025,0,Sales,7,6,20,20,0,0.00,294,0.272,86.1,18.9,OK,-1,11.7,0.989,0.8
9/9/2025 5:00,9/9/2025,5,Sales,6,6,20,20,0,0.00,311,0.288,100,11.8,MISS,0,19.3,0.918,0.8
9/10/2025 4:00,9/10/2025,4,Sales,6,6,20,20,0,0.00,326,0.302,100,20,MISS,0,7.4,1,0.8
9/10/2025 11:00,9/10/2025,11,Billing,6,5,20,20,0,0.00,329,0.366,82,5.8,OK,-1,12.7,0.958,0.9
9/10/2025 22:00,9/10/2025,22,Support,8,7,20,20,0,0.00,419,0.333,88,12.8,OK,-1,7.7,0.978,0.85
9/1/2025 5:00,9/1/2025,5,Sales,5,5,21,21,0,0.00,266,0.31,99.7,19.4,OK,0,12.2,0.994,0.8
9/1/2025 12:00,9/1/2025,12,Billing,6,6,21,21,0,0.00,415,0.403,98.6,8.7,MISS,0,13.0,0.987,0.9
9/3/2025 1:00,9/3/2025,1,Support,8,6,21,21,0,0.00,388,0.377,75,15,OK,-2,12.8,1,0.85
9/3/2025 3:00,9/3/2025,3,Sales,6,5,21,21,0,0.00,275,0.321,87.6,17.9,OK,-1,8.8,0.979,0.8
9/3/2025 4:00,9/3/2025,4,Sales,6,5,21,21,0,0.00,261,0.304,86.1,20,OK,-1,12.1,1,0.8
9/3/2025 15:00,9/3/2025,15,Billing,6,6,21,21,0,0.00,422,0.41,100,8,MISS,0,8.8,0.98,0.9
9/3/2025 22:00,9/3/2025,22,Support,8,7,21,21,0,0.00,408,0.34,84.9,11.2,OK,-1,9.8,0.962,0.85
9/4/2025 12:00,9/4/2025,12,Billing,6,5,21,21,0,0.00,367,0.428,83.2,6.4,OK,-1,16.2,0.964,0.9
9/5/2025 16:00,9/5/2025,16,Billing,6,6,21,21,0,0.00,329,0.32,100,6.6,OK,0,14.4,0.966,0.9
9/6/2025 9:00,9/6/2025,9,Billing,6,6,21,21,0,0.00,342,0.333,97.2,6.9,MISS,0,16.1,0.969,0.9
9/6/2025 19:00,9/6/2025,19,Billing,4,4,21,21,0,0.00,415,0.605,100,3.8,OK,0,7.7,0.938,0.9
9/7/2025 15:00,9/7/2025,15,Billing,6,5,21,21,0,0.00,351,0.409,87.2,4.8,OK,-1,5.6,0.948,0.9
9/8/2025 22:00,9/8/2025,22,Sales,6,5,21,21,0,0.00,293,0.342,80.6,20,MISS,-1,18.0,1,0.8
9/9/2025 1:00,9/9/2025,1,Sales,6,5,21,21,0,0.00,297,0.346,82.7,20,MISS,-1,18.4,1,0.8
9/10/2025 0:00,9/10/2025,0,Sales,6,4,21,21,0,0.00,302,0.44,65.1,18.9,MISS,-2,11.2,0.989,0.8
9/10/2025 10:00,9/10/2025,10,Billing,5,5,21,21,0,0.00,381,0.445,100,7.4,OK,0,9.1,0.974,0.9
9/10/2025 13:00,9/10/2025,13,Billing,6,4,21,21,0,0.00,378,0.551,63.9,7.5,OK,-2,7.8,0.975,0.9
9/10/2025 23:00,9/10/2025,23,Support,8,7,21,21,0,0.00,413,0.344,88.6,15,OK,-1,18.7,1,0.85
9/1/2025 14:00,9/1/2025,14,Billing,6,5,22,22,0,0.00,336,0.411,86.7,7.8,OK,-1,5.6,0.978,0.9
9/1/2025 15:00,9/1/2025,15,Billing,5,5,22,22,0,0.00,336,0.411,97.3,7.6,OK,0,15.4,0.976,0.9
9/1/2025 21:00,9/1/2025,21,Sales,6,5,22,22,0,0.00,284,0.347,85.2,17.2,OK,-1,13.0,0.972,0.8
9/2/2025 3:00,9/2/2025,3,Sales,5,5,22,22,0,0.00,318,0.389,98.5,19.4,OK,0,6.9,0.994,0.8
9/2/2025 3:00,9/2/2025,3,Support,8,7,22,22,0,0.00,348,0.304,92.3,13.8,MISS,-1,10.4,0.988,0.85
9/4/2025 10:00,9/4/2025,10,Billing,6,6,22,22,0,0.00,349,0.355,100,10,OK,0,8.1,1,0.9
9/6/2025 5:00,9/6/2025,5,Support,8,7,22,22,0,0.00,403,0.352,92,14.9,OK,-1,7.5,0.999,0.85
9/6/2025 22:00,9/6/2025,22,Support,8,6,22,22,0,0.00,407,0.415,72.8,11.2,MISS,-2,10.4,0.962,0.85
9/7/2025 16:00,9/7/2025,16,Billing,6,5,22,22,0,0.00,415,0.507,85.4,9.9,OK,-1,7.6,0.999,0.9
9/7/2025 23:00,9/7/2025,23,Support,8,7,22,22,0,0.00,457,0.399,85.9,13.4,MISS,-1,18.8,0.984,0.85
9/8/2025 12:00,9/8/2025,12,Billing,6,6,22,22,0,0.00,350,0.356,100,7.6,OK,0,7.2,0.976,0.9
9/8/2025 14:00,9/8/2025,14,Billing,6,6,22,22,0,0.00,389,0.396,100,9.3,OK,0,16.9,0.993,0.9
9/9/2025 13:00,9/9/2025,13,Billing,6,6,22,22,0,0.00,349,0.355,99.7,3.4,MISS,0,16.8,0.934,0.9
9/10/2025 0:00,9/10/2025,0,Support,8,7,22,22,0,0.00,406,0.354,88.7,13.4,OK,-1,7.0,0.984,0.85
9/10/2025 15:00,9/10/2025,15,Billing,6,6,22,22,0,0.00,337,0.343,97.5,4.2,MISS,0,7.4,0.942,0.9
9/1/2025 10:00,9/1/2025,10,Billing,6,6,23,23,0,0.00,345,0.367,100,7.6,OK,0,11.4,0.976,0.9
9/1/2025 13:00,9/1/2025,13,Billing,7,5,23,23,0,0.00,364,0.465,72.4,10,OK,-2,15.9,1,0.9
9/2/2025 1:00,9/2/2025,1,Sales,6,5,23,23,0,0.00,288,0.368,82.6,15.4,OK,-1,11.2,0.954,0.8
9/3/2025 23:00,9/3/2025,23,Sales,6,5,23,23,0,0.00,307,0.392,83.9,17.5,OK,-1,13.4,0.975,0.8
9/4/2025 23:00,9/4/2025,23,Sales,6,6,23,23,0,0.00,350,0.373,100,18.9,OK,0,16.9,0.989,0.8
9/5/2025 15:00,9/5/2025,15,Billing,6,5,23,23,0,0.00,390,0.498,84,2.7,OK,-1,14.2,0.927,0.9
9/7/2025 0:00,9/7/2025,0,Support,8,7,23,23,0,0.00,449,0.41,88.6,14,OK,-1,6.3,0.99,0.85
9/7/2025 5:00,9/7/2025,5,Support,8,7,23,23,0,0.00,357,0.326,91.4,14,OK,-1,13.6,0.99,0.85
9/7/2025 9:00,9/7/2025,9,Billing,6,6,23,23,0,0.00,403,0.429,98.5,7.4,OK,0,15.3,0.974,0.9
9/7/2025 10:00,9/7/2025,10,Billing,6,6,23,23,0,0.00,363,0.387,100,8.1,OK,0,10.1,0.981,0.9
9/7/2025 12:00,9/7/2025,12,Billing,5,5,23,23,0,0.00,333,0.425,99.3,9.6,MISS,0,7.4,0.996,0.9
9/8/2025 2:00,9/8/2025,2,Support,8,8,23,23,0,0.00,404,0.323,95,13.9,OK,0,12.6,0.989,0.85
9/8/2025 5:00,9/8/2025,5,Sales,6,5,23,23,0,0.00,301,0.385,79.9,13.4,OK,-1,19.4,0.934,0.8
9/9/2025 9:00,9/9/2025,9,Billing,6,6,23,23,0,0.00,358,0.381,100,10,OK,0,8.8,1,0.9
9/9/2025 12:00,9/9/2025,12,Billing,6,6,23,23,0,0.00,292,0.311,100,6.5,OK,0,14.8,0.965,0.9
9/10/2025 4:00,9/10/2025,4,Support,8,7,23,23,0,0.00,391,0.357,88.3,15,OK,-1,12.5,1,0.85
9/10/2025 12:00,9/10/2025,12,Billing,6,5,23,23,0,0.00,334,0.427,84.2,3.9,OK,-1,19.3,0.939,0.9
9/2/2025 2:00,9/2/2025,2,Support,7,6,24,24,0,0.00,425,0.472,82.2,14.7,OK,-1,13.7,0.997,0.85
9/3/2025 1:00,9/3/2025,1,Sales,6,6,24,24,0,0.00,296,0.329,100,13.2,OK,0,7.7,0.932,0.8
9/4/2025 13:00,9/4/2025,13,Billing,6,6,24,24,0,0.00,306,0.34,97.9,4.8,OK,0,13.7,0.948,0.9
9/4/2025 22:00,9/4/2025,22,Sales,6,5,24,24,0,0.00,297,0.396,79.3,19.6,MISS,-1,11.9,0.996,0.8
9/4/2025 23:00,9/4/2025,23,Support,8,7,24,24,0,0.00,404,0.385,88,8.4,MISS,-1,13.2,0.934,0.85
9/5/2025 2:00,9/5/2025,2,Support,7,7,24,24,0,0.00,397,0.378,99.7,13.3,MISS,0,6.1,0.983,0.85
9/5/2025 10:00,9/5/2025,10,Billing,6,5,24,24,0,0.00,326,0.435,84.3,7.3,OK,-1,19.4,0.973,0.9
9/5/2025 11:00,9/5/2025,11,Billing,6,6,24,24,0,0.00,319,0.354,100,9.3,OK,0,11.5,0.993,0.9
9/5/2025 23:00,9/5/2025,23,Support,8,7,24,24,0,0.00,391,0.372,89.2,12.6,OK,-1,6.9,0.976,0.85
9/6/2025 0:00,9/6/2025,0,Sales,5,5,24,24,0,0.00,309,0.412,98.6,15.6,OK,0,7.6,0.956,0.8
9/7/2025 22:00,9/7/2025,22,Sales,7,7,24,24,0,0.00,272,0.259,100,17.4,OK,0,18.6,0.974,0.8
9/7/2025 23:00,9/7/2025,23,Sales,6,6,24,24,0,0.00,312,0.347,98.6,18.2,OK,0,7.1,0.982,0.8
9/8/2025 3:00,9/8/2025,3,Support,8,8,24,24,0,0.00,422,0.352,100,14,OK,0,9.5,0.99,0.85
9/8/2025 9:00,9/8/2025,9,Billing,7,6,24,24,0,0.00,370,0.411,85,6.6,OK,-1,7.6,0.966,0.9
9/8/2025 16:00,9/8/2025,16,Billing,6,6,24,24,0,0.00,364,0.404,99.6,5,MISS,0,9.8,0.95,0.9
9/8/2025 23:00,9/8/2025,23,Sales,6,6,24,24,0,0.00,289,0.321,99.9,14.8,OK,0,7.3,0.948,0.8
9/9/2025 14:00,9/9/2025,14,Billing,6,5,24,24,0,0.00,355,0.473,82.3,0.8,OK,-1,15.6,0.908,0.9
9/10/2025 2:00,9/10/2025,2,Support,8,8,24,24,0,0.00,432,0.36,100,15,OK,0,18.9,1,0.85
9/2/2025 11:00,9/2/2025,11,Billing,6,5,25,25,0,0.00,382,0.531,82.6,6,MISS,-1,10.1,0.96,0.9
9/3/2025 5:00,9/3/2025,5,Support,7,7,25,25,0,0.00,350,0.347,99.1,8.3,OK,0,5.7,0.933,0.85
9/4/2025 0:00,9/4/2025,0,Sales,6,4,25,25,0,0.00,306,0.531,67.9,20,OK,-2,12.6,1,0.8
9/4/2025 1:00,9/4/2025,1,Sales,6,6,25,25,0,0.00,329,0.381,97.8,13.7,MISS,0,5.0,0.937,0.8
9/4/2025 4:00,9/4/2025,4,Sales,6,6,25,25,0,0.00,312,0.361,99.9,14.7,MISS,0,9.1,0.947,0.8
9/4/2025 16:00,9/4/2025,16,Billing,6,6,25,25,0,0.00,371,0.429,98.5,8.6,OK,0,16.3,0.986,0.9
9/5/2025 0:00,9/5/2025,0,Support,8,8,25,25,0,0.00,441,0.383,100,6.6,OK,0,18.4,0.916,0.85
9/5/2025 4:00,9/5/2025,4,Sales,6,5,25,25,0,0.00,273,0.379,84.3,19.4,OK,-1,9.7,0.994,0.8
9/5/2025 5:00,9/5/2025,5,Support,8,7,25,25,0,0.00,429,0.426,89,12.3,MISS,-1,5.6,0.973,0.85
9/5/2025 9:00,9/5/2025,9,Billing,6,6,25,25,0,0.00,349,0.404,96.7,7.7,MISS,0,18.4,0.977,0.9
9/6/2025 0:00,9/6/2025,0,Support,8,8,25,25,0,0.00,418,0.363,100,15,MISS,0,17.7,1,0.85
9/6/2025 23:00,9/6/2025,23,Sales,6,6,25,25,0,0.00,299,0.346,98.2,18.7,OK,0,15.3,0.987,0.8
9/7/2025 1:00,9/7/2025,1,Sales,6,6,25,25,0,0.00,324,0.375,97.7,16.6,MISS,0,19.0,0.966,0.8
9/7/2025 22:00,9/7/2025,22,Support,8,7,25,25,0,0.00,402,0.399,88.5,13.5,OK,-1,14.8,0.985,0.85
9/8/2025 3:00,9/8/2025,3,Sales,6,5,25,25,0,0.00,350,0.486,82.9,16.6,MISS,-1,17.5,0.966,0.8
9/9/2025 16:00,9/9/2025,16,Billing,6,6,25,25,0,0.00,432,0.5,100,10,MISS,0,14.4,1,0.9
9/1/2025 0:00,9/1/2025,0,Support,8,8,26,26,0,0.00,400,0.361,96.2,13.7,OK,0,6.8,0.987,0.85
9/1/2025 2:00,9/1/2025,2,Support,8,8,26,26,0,0.00,431,0.389,100,14.7,MISS,0,6.9,0.997,0.85
9/1/2025 3:00,9/1/2025,3,Support,8,7,26,26,0,0.00,470,0.485,89.1,5.1,OK,-1,10.0,0.901,0.85
9/1/2025 23:00,9/1/2025,23,Support,8,8,26,26,0,0.00,421,0.38,100,15,OK,0,6.5,1,0.85
9/2/2025 10:00,9/2/2025,10,Billing,6,5,26,26,0,0.00,364,0.526,83.4,9.3,OK,-1,11.9,0.993,0.9
9/2/2025 12:00,9/2/2025,12,Billing,7,6,26,26,0,0.00,354,0.426,84.2,10,OK,-1,19.9,1,0.9
9/2/2025 15:00,9/2/2025,15,Billing,7,6,26,26,0,0.00,360,0.433,83.2,6.9,OK,-1,12.4,0.969,0.9
9/2/2025 16:00,9/2/2025,16,Billing,6,6,26,26,0,0.00,401,0.483,100,10,OK,0,10.8,1,0.9
9/4/2025 15:00,9/4/2025,15,Billing,7,6,26,26,0,0.00,426,0.513,83.1,5.8,OK,-1,12.2,0.958,0.9
9/4/2025 22:00,9/4/2025,22,Support,8,7,26,26,0,0.00,441,0.455,85.8,9.8,MISS,-1,13.1,0.948,0.85
9/5/2025 4:00,9/5/2025,4,Support,8,8,26,26,0,0.00,433,0.391,99.9,7.5,OK,0,6.0,0.925,0.85
9/5/2025 22:00,9/5/2025,22,Sales,7,6,26,26,0,0.00,287,0.345,88.2,20,OK,-1,13.5,1,0.8
9/5/2025 23:00,9/5/2025,23,Sales,6,6,26,26,0,0.00,301,0.362,99.9,19.7,OK,0,10.7,0.997,0.8
9/6/2025 3:00,9/6/2025,3,Support,8,8,26,26,0,0.00,394,0.356,100,15,OK,0,12.1,1,0.85
9/6/2025 23:00,9/6/2025,23,Support,8,8,26,26,0,0.00,461,0.416,100,11.4,OK,0,10.2,0.964,0.85
9/7/2025 2:00,9/7/2025,2,Support,8,8,26,26,0,0.00,403,0.364,99.5,15,MISS,0,14.7,1,0.85
9/8/2025 4:00,9/8/2025,4,Support,8,8,26,26,0,0.00,373,0.337,98.9,14.5,OK,0,15.3,0.995,0.85
9/8/2025 22:00,9/8/2025,22,Support,8,7,26,26,0,0.00,404,0.417,88.5,11.4,MISS,-1,15.4,0.964,0.85
9/9/2025 2:00,9/9/2025,2,Sales,6,6,26,26,0,0.00,275,0.331,100,20,OK,0,17.5,1,0.8
9/9/2025 11:00,9/9/2025,11,Billing,6,6,26,26,0,0.00,388,0.467,100,10,OK,0,18.9,1,0.9
9/1/2025 16:00,9/1/2025,16,Billing,6,6,27,27,0,0.00,353,0.441,99.4,3.6,OK,0,18.6,0.936,0.9
9/2/2025 0:00,9/2/2025,0,Support,8,8,27,27,0,0.00,422,0.396,100,13.4,OK,0,19.8,0.984,0.85
9/2/2025 13:00,9/2/2025,13,Billing,6,6,27,27,0,0.00,393,0.491,100,7.6,OK,0,12.7,0.976,0.9
9/3/2025 3:00,9/3/2025,3,Support,8,7,27,27,0,0.00,382,0.409,84.2,12.2,OK,-1,5.4,0.972,0.85
9/5/2025 3:00,9/5/2025,3,Support,8,7,27,27,0,0.00,411,0.44,85,14.9,MISS,-1,7.4,0.999,0.85
9/7/2025 3:00,9/7/2025,3,Sales,6,6,27,27,0,0.00,322,0.403,100,20,MISS,0,10.3,1,0.8
9/8/2025 4:00,9/8/2025,4,Sales,6,6,27,27,0,0.00,291,0.364,100,18.3,MISS,0,17.7,0.983,0.8
9/8/2025 11:00,9/8/2025,11,Billing,6,6,27,27,0,0.00,356,0.445,98.5,7.9,OK,0,5.6,0.979,0.9
9/8/2025 13:00,9/8/2025,13,Billing,6,5,27,27,0,0.00,363,0.544,83,10,OK,-1,12.3,1,0.9
9/9/2025 5:00,9/9/2025,5,Support,8,8,27,27,0,0.00,350,0.328,99.5,13.1,MISS,0,15.3,0.981,0.85
9/9/2025 22:00,9/9/2025,22,Support,8,8,27,27,0,0.00,351,0.329,100,13.5,MISS,0,13.9,0.985,0.85
9/10/2025 3:00,9/10/2025,3,Support,8,8,27,27,0,0.00,427,0.4,99,11.5,OK,0,13.1,0.965,0.85
9/10/2025 16:00,9/10/2025,16,Billing,6,6,27,27,0,0.00,374,0.468,100,9.2,OK,0,6.4,0.992,0.9
9/2/2025 0:00,9/2/2025,0,Sales,6,6,28,28,0,0.00,295,0.382,99.9,18.1,MISS,0,9.8,0.981,0.8
9/2/2025 5:00,9/2/2025,5,Sales,6,6,28,28,0,0.00,261,0.338,100,13.4,OK,0,12.1,0.934,0.8
9/2/2025 5:00,9/2/2025,5,Support,8,8,28,28,0,0.00,390,0.379,100,15,MISS,0,7.7,1,0.85
9/3/2025 14:00,9/3/2025,14,Billing,6,6,28,28,0,0.00,391,0.507,97.2,6.4,MISS,0,14.8,0.964,0.9
9/3/2025 16:00,9/3/2025,16,Billing,7,6,28,28,0,0.00,359,0.465,86.8,6,OK,-1,16.5,0.96,0.9
9/4/2025 5:00,9/4/2025,5,Support,7,7,28,28,0,0.00,339,0.377,100,13.7,MISS,0,6.0,0.987,0.85
9/5/2025 1:00,9/5/2025,1,Support,7,7,28,28,0,0.00,458,0.509,98.5,11.8,OK,0,18.9,0.968,0.85
9/6/2025 10:00,9/6/2025,10,Billing,6,6,28,28,0,0.00,316,0.41,100,9.7,OK,0,7.7,0.997,0.9
9/7/2025 2:00,9/7/2025,2,Sales,6,5,28,28,0,0.00,277,0.431,84.5,17.2,OK,-1,8.1,0.972,0.8
9/8/2025 0:00,9/8/2025,0,Support,9,9,28,28,0,0.00,439,0.379,94.9,14.3,OK,0,14.0,0.993,0.85
9/1/2025 1:00,9/1/2025,1,Sales,6,6,29,29,0,0.00,361,0.485,100,14.5,OK,0,8.4,0.945,0.8
9/1/2025 4:00,9/1/2025,4,Support,9,8,29,29,0,0.00,429,0.432,90.8,13.3,OK,-1,5.3,0.983,0.85
9/2/2025 2:00,9/2/2025,2,Sales,7,7,29,29,0,0.00,299,0.344,100,14.2,OK,0,7.6,0.942,0.8
9/2/2025 4:00,9/2/2025,4,Sales,7,6,29,29,0,0.00,270,0.362,86.7,19.5,MISS,-1,8.5,0.995,0.8
9/3/2025 0:00,9/3/2025,0,Sales,6,6,29,29,0,0.00,308,0.414,100,19.4,OK,0,14.9,0.994,0.8
9/3/2025 4:00,9/3/2025,4,Support,8,8,29,29,0,0.00,437,0.44,99.4,14,MISS,0,10.4,0.99,0.85
9/4/2025 2:00,9/4/2025,2,Sales,6,5,29,29,0,0.00,337,0.543,85.2,20,OK,-1,6.2,1,0.8
9/4/2025 3:00,9/4/2025,3,Sales,6,5,29,29,0,0.00,275,0.443,83.9,17,MISS,-1,18.1,0.97,0.8
9/4/2025 11:00,9/4/2025,11,Billing,6,6,29,29,0,0.00,400,0.537,98.6,5,MISS,0,14.3,0.95,0.9
9/6/2025 5:00,9/6/2025,5,Sales,6,6,29,29,0,0.00,284,0.381,100,20,OK,0,7.6,1,0.8
9/7/2025 3:00,9/7/2025,3,Support,9,8,29,29,0,0.00,445,0.448,89.9,14.4,OK,-1,16.4,0.994,0.85
9/7/2025 4:00,9/7/2025,4,Sales,6,6,29,29,0,0.00,258,0.346,98.3,12.3,OK,0,17.7,0.923,0.8
9/7/2025 14:00,9/7/2025,14,Billing,6,6,29,29,0,0.00,347,0.466,100,10,OK,0,10.5,1,0.9
9/8/2025 1:00,9/8/2025,1,Support,8,7,29,29,0,0.00,435,0.501,91,8.4,MISS,-1,18.4,0.934,0.85
9/8/2025 15:00,9/8/2025,15,Billing,6,6,29,29,0,0.00,374,0.502,99.4,3,OK,0,14.0,0.93,0.9
9/9/2025 3:00,9/9/2025,3,Sales,6,6,29,29,0,0.00,313,0.42,99.5,14.4,MISS,0,12.9,0.944,0.8
9/10/2025 22:00,9/10/2025,22,Sales,6,6,29,29,0,0.00,291,0.391,98.3,20,OK,0,19.6,1,0.8
9/1/2025 4:00,9/1/2025,4,Sales,6,6,30,30,0,0.00,281,0.39,99,15.6,OK,0,17.3,0.956,0.8
9/1/2025 22:00,9/1/2025,22,Support,8,8,30,30,0,0.00,428,0.446,100,14.8,MISS,0,11.2,0.998,0.85
9/2/2025 1:00,9/2/2025,1,Support,8,7,30,30,0,0.00,349,0.415,90.5,14.7,OK,-1,7.8,0.997,0.85
9/2/2025 22:00,9/2/2025,22,Support,8,8,30,30,0,0.00,396,0.412,98.6,11.2,OK,0,16.4,0.962,0.85
9/3/2025 0:00,9/3/2025,0,Support,8,8,30,30,0,0.00,462,0.481,100,11,MISS,0,17.8,0.96,0.85
9/3/2025 22:00,9/3/2025,22,Sales,6,5,30,30,0,0.00,311,0.518,86.9,20,OK,-1,18.1,1,0.8
9/4/2025 3:00,9/4/2025,3,Support,8,7,30,30,0,0.00,483,0.575,85.2,8.8,OK,-1,18.0,0.938,0.85
9/5/2025 12:00,9/5/2025,12,Billing,6,6,30,30,0,0.00,400,0.556,100,10,OK,0,10.1,1,0.9
9/6/2025 1:00,9/6/2025,1,Sales,7,7,30,30,0,0.00,302,0.36,98.8,20,OK,0,9.8,1,0.8
9/6/2025 2:00,9/6/2025,2,Support,7,7,30,30,0,0.00,386,0.46,100,13.3,OK,0,10.9,0.983,0.85
9/6/2025 12:00,9/6/2025,12,Billing,6,6,30,30,0,0.00,378,0.525,100,10,MISS,0,18.8,1,0.9
9/6/2025 14:00,9/6/2025,14,Billing,6,6,30,30,0,0.00,375,0.521,100,9.2,OK,0,9.3,0.992,0.9
9/9/2025 0:00,9/9/2025,0,Support,8,8,30,30,0,0.00,418,0.435,99.5,15,OK,0,10.6,1,0.85
9/9/2025 1:00,9/9/2025,1,Support,8,7,30,30,0,0.00,430,0.512,85.8,15,OK,-1,15.4,1,0.85
9/9/2025 3:00,9/9/2025,3,Support,8,8,30,30,0,0.00,381,0.397,99.5,12.7,OK,0,13.1,0.977,0.85
9/9/2025 23:00,9/9/2025,23,Sales,6,6,30,30,0,0.00,310,0.431,100,19.9,OK,0,14.3,0.999,0.8
9/9/2025 23:00,9/9/2025,23,Support,8,8,30,30,0,0.00,455,0.474,100,11.2,OK,0,9.5,0.962,0.85
9/1/2025 22:00,9/1/2025,22,Sales,6,6,31,31,0,0.00,303,0.435,100,17.7,OK,0,10.1,0.977,0.8
9/2/2025 4:00,9/2/2025,4,Support,8,8,31,31,0,0.00,436,0.469,100,13.7,OK,0,11.0,0.987,0.85
9/3/2025 23:00,9/3/2025,23,Support,8,8,31,31,0,0.00,436,0.469,100,9.9,OK,0,15.9,0.949,0.85
9/5/2025 0:00,9/5/2025,0,Sales,7,7,31,31,0,0.00,309,0.38,100,18.8,OK,0,9.8,0.988,0.8
9/5/2025 1:00,9/5/2025,1,Sales,6,6,31,31,0,0.00,297,0.426,100,20,OK,0,5.4,1,0.8
9/6/2025 22:00,9/6/2025,22,Sales,7,7,31,31,0,0.00,338,0.416,99,9.8,MISS,0,14.9,0.898,0.8
9/7/2025 4:00,9/7/2025,4,Support,7,7,31,31,0,0.00,406,0.499,100,8.8,OK,0,15.0,0.938,0.85
9/8/2025 23:00,9/8/2025,23,Support,8,7,31,31,0,0.00,431,0.53,92.3,15,OK,-1,7.1,1,0.85
9/2/2025 22:00,9/2/2025,22,Sales,6,6,32,32,0,0.00,305,0.452,100,17.3,OK,0,10.4,0.973,0.8
9/3/2025 2:00,9/3/2025,2,Support,8,8,32,32,0,0.00,467,0.519,100,15,OK,0,12.9,1,0.85
9/3/2025 5:00,9/3/2025,5,Sales,6,6,32,32,0,0.00,269,0.399,99.5,13.3,MISS,0,18.9,0.933,0.8
9/3/2025 11:00,9/3/2025,11,Billing,6,6,32,32,0,0.00,320,0.474,100,7.2,OK,0,18.1,0.972,0.9
9/5/2025 22:00,9/5/2025,22,Support,8,8,32,32,0,0.00,460,0.511,98.2,9.6,MISS,0,8.6,0.946,0.85
9/4/2025 5:00,9/4/2025,5,Sales,6,6,33,33,0,0.00,293,0.448,98.5,17.9,MISS,0,8.0,0.979,0.8
9/7/2025 1:00,9/7/2025,1,Support,9,9,33,33,0,0.00,383,0.39,94,13.3,MISS,0,15.0,0.983,0.85
9/9/2025 21:00,9/9/2025,21,Sales,5,5,33,33,0,0.00,301,0.552,100,18.3,OK,0,18.3,0.983,0.8
9/10/2025 23:00,9/10/2025,23,Sales,6,6,33,33,0,0.00,301,0.46,98.5,16.6,MISS,0,19.4,0.966,0.8
9/1/2025 5:00,9/1/2025,5,Support,8,8,34,34,0,0.00,388,0.458,99.9,7.2,OK,0,7.1,0.922,0.85
9/2/2025 23:00,9/2/2025,23,Support,8,8,34,34,0,0.00,458,0.541,99.8,15,OK,0,15.4,1,0.85
9/4/2025 2:00,9/4/2025,2,Support,8,8,34,34,0,0.00,420,0.496,99.1,12.5,MISS,0,17.1,0.975,0.85
9/9/2025 2:00,9/9/2025,2,Support,8,8,34,34,0,0.00,443,0.523,100,7.4,OK,0,17.3,0.924,0.85
9/9/2025 4:00,9/9/2025,4,Support,8,8,34,34,0,0.00,458,0.541,97.8,15,MISS,0,11.3,1,0.85
9/5/2025 14:00,9/5/2025,14,Billing,7,6,35,35,0,0.00,376,0.609,83.1,4.5,MISS,-1,10.8,0.945,0.9
9/8/2025 7:00,9/8/2025,7,Sales,6,4,36,36,0,0.00,273,0.682,63.7,16,OK,-2,17.3,0.96,0.8
9/10/2025 1:00,9/10/2025,1,Sales,7,7,36,36,0,0.00,326,0.466,100,20,OK,0,10.1,1,0.8
9/8/2025 5:00,9/8/2025,5,Support,9,9,37,37,0,0.00,400,0.457,96.5,15,OK,0,9.7,1,0.85
9/10/2025 20:00,9/10/2025,20,Support,8,8,38,38,0,0.00,417,0.55,98.7,15,OK,0,7.9,1,0.85
9/2/2025 21:00,9/2/2025,21,Support,8,6,39,39,0,0.00,399,0.72,73.4,4.1,MISS,-2,11.0,0.891,0.85
9/5/2025 21:00,9/5/2025,21,Sales,6,5,39,39,0,0.00,277,0.6,83.5,14,MISS,-1,20.0,0.94,0.8
9/9/2025 22:00,9/9/2025,22,Sales,7,7,39,39,0,0.00,326,0.505,98.7,19.4,OK,0,19.8,0.994,0.8
9/1/2025 20:00,9/1/2025,20,Sales,6,5,41,41,0,0.00,289,0.658,81.9,17.1,OK,-1,5.7,0.971,0.8
9/3/2025 6:00,9/3/2025,6,Sales,6,5,41,41,0,0.00,292,0.665,83.4,14.3,OK,-1,16.7,0.943,0.8
9/4/2025 21:00,9/4/2025,21,Sales,6,5,41,41,0,0.00,270,0.615,82.4,20,OK,-1,6.9,1,0.8
9/8/2025 20:00,9/8/2025,20,Sales,6,6,41,41,0,0.00,267,0.507,98.3,19.5,OK,0,16.7,0.995,0.8
9/5/2025 20:00,9/5/2025,20,Sales,6,6,43,43,0,0.00,275,0.547,98.3,20,OK,0,19.2,1,0.8
9/7/2025 7:00,9/7/2025,7,Sales,5,5,43,43,0,0.00,291,0.695,98.9,9.2,MISS,0,10.9,0.892,0.8
9/10/2025 21:00,9/10/2025,21,Support,8,7,43,43,0,0.00,391,0.667,88.8,4.7,MISS,-1,8.8,0.897,0.85
9/8/2025 21:00,9/8/2025,21,Sales,5,5,44,43,1,2.30,313,0.748,100,3.5,OK,0,17.4,0.835,0.8
9/10/2025 6:00,9/10/2025,6,Sales,6,6,44,44,0,0.00,248,0.505,97.9,14.9,MISS,0,12.7,0.949,0.8
9/2/2025 21:00,9/2/2025,21,Sales,6,6,45,45,0,0.00,313,0.652,100,11.1,OK,0,19.1,0.911,0.8
9/3/2025 21:00,9/3/2025,21,Sales,5,5,46,45,1,2.20,291,0.728,100,4.1,MISS,0,9.6,0.841,0.8
9/4/2025 20:00,9/4/2025,20,Support,8,8,46,46,0,0.00,411,0.656,100,7,MISS,0,14.9,0.92,0.85
9/9/2025 21:00,9/9/2025,21,Support,8,7,47,42,5,10.60,425,0.708,85.7,-1.9,OK,-1,93.2,0.831,0.85
9/10/2025 7:00,9/10/2025,7,Sales,6,6,47,47,0,0.00,296,0.644,100,10.6,MISS,0,7.9,0.906,0.8
9/3/2025 7:00,9/3/2025,7,Sales,6,5,49,49,0,0.00,277,0.754,87.2,2.3,OK,-1,7.6,0.823,0.8
9/9/2025 6:00,9/9/2025,6,Sales,5,5,49,48,1,2.00,288,0.768,100,7.6,OK,0,10.8,0.876,0.8
9/9/2025 20:00,9/9/2025,20,Support,8,8,49,49,0,0.00,387,0.658,98.6,12.7,MISS,0,16.5,0.977,0.85
9/5/2025 18:00,9/5/2025,18,Support,8,5,50,35,15,30.00,441,0.858,61.7,-13.5,OK,-3,114.2,0.715,0.85
9/1/2025 7:00,9/1/2025,7,Sales,6,6,51,51,0,0.00,281,0.663,100,11.2,MISS,0,5.4,0.912,0.8
9/6/2025 18:00,9/6/2025,18,Support,8,8,51,51,0,0.00,380,0.673,100,11.9,MISS,0,11.5,0.969,0.85
9/1/2025 20:00,9/1/2025,20,Support,7,7,52,52,0,0.00,424,0.875,100,-6,MISS,0,42.7,0.79,0.85
9/3/2025 20:00,9/3/2025,20,Sales,6,6,52,52,0,0.00,335,0.806,97.8,2.8,MISS,0,8.8,0.828,0.8
9/4/2025 21:00,9/4/2025,21,Support,8,8,52,52,0,0.00,420,0.758,99.8,-2.6,MISS,0,55.4,0.824,0.85
9/6/2025 7:00,9/6/2025,7,Sales,6,6,52,52,0,0.00,308,0.741,99.9,2.9,MISS,0,13.0,0.829,0.8
9/7/2025 6:00,9/7/2025,6,Sales,6,6,52,52,0,0.00,277,0.667,100,12.5,OK,0,16.8,0.925,0.8
9/2/2025 20:00,9/2/2025,20,Sales,6,6,53,53,0,0.00,279,0.685,98.2,9.8,OK,0,16.1,0.898,0.8
9/5/2025 6:00,9/5/2025,6,Sales,5,5,53,53,0,0.00,323,0.951,100,-16.8,OK,0,57.4,0.632,0.8
9/7/2025 21:00,9/7/2025,21,Sales,6,6,53,53,0,0.00,291,0.714,100,4.7,OK,0,10.4,0.847,0.8
9/10/2025 21:00,9/10/2025,21,Sales,6,6,53,53,0,0.00,299,0.734,100,-0.2,OK,0,30.7,0.798,0.8
9/1/2025 6:00,9/1/2025,6,Sales,6,6,54,54,0,0.00,308,0.77,100,6.1,OK,0,15.0,0.861,0.8
9/2/2025 20:00,9/2/2025,20,Support,8,8,54,54,0,0.00,453,0.849,100,-9.1,OK,0,59.7,0.759,0.85
9/4/2025 7:00,9/4/2025,7,Sales,6,6,54,54,0,0.00,334,0.835,98.4,-5.1,OK,0,57.5,0.749,0.8
9/6/2025 6:00,9/6/2025,6,Sales,6,6,55,55,0,0.00,297,0.756,99.9,3,OK,0,18.3,0.83,0.8
9/6/2025 19:00,9/6/2025,19,Support,8,8,55,55,0,0.00,402,0.768,99.4,-2.8,OK,0,53.4,0.822,0.85
9/7/2025 20:00,9/7/2025,20,Support,7,7,55,53,2,3.60,383,0.806,100,-3,OK,0,42.8,0.82,0.85
9/6/2025 7:00,9/6/2025,7,Support,14,12,56,56,0,0.00,449,0.582,84.6,13.6,OK,-2,18.7,0.986,0.85
9/8/2025 6:00,9/8/2025,6,Sales,6,5,56,48,8,14.30,277,0.739,81,9.6,MISS,-1,8.1,0.896,0.8
9/8/2025 20:00,9/8/2025,20,Support,8,8,56,56,0,0.00,469,0.912,100,-18.1,OK,0,54.4,0.669,0.85
9/4/2025 6:00,9/4/2025,6,Sales,6,6,57,57,0,0.00,302,0.797,98.4,-1.9,OK,0,36.4,0.781,0.8
9/5/2025 21:00,9/5/2025,21,Support,9,9,57,57,0,0.00,471,0.829,98.1,-13.1,OK,0,58.6,0.719,0.85
9/6/2025 20:00,9/6/2025,20,Sales,6,6,57,57,0,0.00,279,0.736,98.3,4,MISS,0,12.9,0.84,0.8
9/4/2025 19:00,9/4/2025,19,Support,8,7,58,48,10,17.20,425,0.81,90.1,-3.3,OK,-1,96.6,0.817,0.85
9/5/2025 7:00,9/5/2025,7,Sales,6,5,59,59,0,0.00,291,0.954,81.2,-11.8,OK,-1,41.9,0.682,0.8
9/6/2025 21:00,9/6/2025,21,Support,8,8,59,59,0,0.00,430,0.881,100,-14.2,MISS,0,51.7,0.708,0.85
9/6/2025 21:00,9/6/2025,21,Sales,6,6,60,60,0,0.00,274,0.761,100,2.4,OK,0,10.6,0.824,0.8
9/7/2025 20:00,9/7/2025,20,Sales,5,5,60,43,17,28.30,328,0.784,100,4.8,OK,0,13.1,0.848,0.8
9/9/2025 7:00,9/9/2025,7,Sales,6,6,60,51,9,15.00,338,0.798,100,-2,MISS,0,69.8,0.78,0.8
9/1/2025 19:00,9/1/2025,19,Support,8,8,61,51,10,16.40,418,0.74,100,2.4,MISS,0,17.2,0.874,0.85
9/2/2025 7:00,9/2/2025,7,Sales,6,6,61,61,0,0.00,305,0.861,100,-8.3,OK,0,52.9,0.717,0.8
9/8/2025 18:00,9/8/2025,18,Support,7,7,61,46,15,24.60,394,0.719,97.3,3,OK,0,19.4,0.88,0.85
9/6/2025 20:00,9/6/2025,20,Support,8,8,63,63,0,0.00,402,0.879,100,-11.9,OK,0,59.3,0.731,0.85
9/3/2025 20:00,9/3/2025,20,Support,8,8,64,62,2,3.10,417,0.898,100,-11.6,MISS,0,32.0,0.734,0.85
9/5/2025 20:00,9/5/2025,20,Support,8,8,64,61,3,4.70,396,0.839,100,-11.8,MISS,0,52.7,0.732,0.85
9/8/2025 19:00,9/8/2025,19,Support,8,7,64,51,13,20.30,436,0.882,86.7,-10.7,OK,-1,91.6,0.743,0.85
9/9/2025 20:00,9/9/2025,20,Sales,6,6,64,56,8,12.50,297,0.77,96.9,6.3,OK,0,12.1,0.863,0.8
9/10/2025 20:00,9/10/2025,20,Sales,6,6,64,61,3,4.70,299,0.844,99.9,-0.4,OK,0,55.3,0.796,0.8
9/3/2025 21:00,9/3/2025,21,Support,8,8,66,49,17,25.80,443,0.754,100,2.7,OK,0,6.3,0.877,0.85
9/9/2025 18:00,9/9/2025,18,Support,7,7,66,43,23,34.80,454,0.775,97.5,-5,OK,0,67.9,0.8,0.85
9/1/2025 21:00,9/1/2025,21,Support,9,9,67,67,0,0.00,401,0.829,100,-3.6,MISS,0,39.1,0.814,0.85
9/5/2025 19:00,9/5/2025,19,Support,8,8,68,57,11,16.20,404,0.8,100,-3.8,MISS,0,89.5,0.812,0.85
9/7/2025 7:00,9/7/2025,7,Support,14,13,69,69,0,0.00,420,0.619,94.2,11.9,OK,-1,8.2,0.969,0.85
9/7/2025 21:00,9/7/2025,21,Support,8,8,69,58,11,15.90,410,0.826,98,-6.7,OK,0,64.6,0.783,0.85
9/4/2025 18:00,9/4/2025,18,Support,8,8,71,70,1,1.40,412,1.001,100,-19.4,OK,0,37.7,0.656,0.85
9/7/2025 19:00,9/7/2025,19,Support,8,6,71,37,34,47.90,445,0.762,73,4.7,MISS,-2,5.5,0.897,0.85
9/2/2025 6:00,9/2/2025,6,Sales,6,6,72,61,11,15.30,306,0.864,98,-8.6,OK,0,119.7,0.714,0.8
9/1/2025 18:00,9/1/2025,18,Support,8,8,73,53,20,27.40,430,0.791,100,-5.9,OK,0,80.9,0.791,0.85
9/8/2025 6:00,9/8/2025,6,Support,14,14,73,73,0,0.00,458,0.663,97.5,7,OK,0,11.3,0.92,0.85
9/8/2025 21:00,9/8/2025,21,Support,9,9,74,74,0,0.00,397,0.907,99.3,-15.7,MISS,0,45.7,0.693,0.85
9/10/2025 7:00,9/10/2025,7,Support,13,13,74,74,0,0.00,465,0.735,100,4.4,OK,0,14.7,0.894,0.85
9/3/2025 19:00,9/3/2025,19,Support,7,7,75,44,31,41.30,419,0.732,100,-4.7,OK,0,118.1,0.803,0.85
9/7/2025 18:00,9/7/2025,18,Support,8,8,75,55,20,26.70,399,0.762,100,-1.7,MISS,0,72.0,0.833,0.85
9/9/2025 6:00,9/9/2025,6,Support,13,12,77,77,0,0.00,417,0.743,89.1,-1.5,OK,-1,49.3,0.835,0.85
9/6/2025 6:00,9/6/2025,6,Support,14,14,82,82,0,0.00,508,0.827,100,-10.7,OK,0,46.3,0.743,0.85
9/9/2025 19:00,9/9/2025,19,Support,8,8,83,58,25,30.10,418,0.842,100,-7.9,OK,0,64.0,0.771,0.85
9/5/2025 17:00,9/5/2025,17,Sales,12,9,84,84,0,0.00,335,0.869,73.4,-5.9,MISS,-3,50.9,0.741,0.8
9/10/2025 18:00,9/10/2025,18,Support,9,9,84,51,33,39.30,474,0.746,100,5.8,OK,0,7.6,0.908,0.85
9/2/2025 18:00,9/2/2025,18,Support,9,9,85,54,31,36.50,441,0.735,100,-1.8,OK,0,100.1,0.832,0.85
9/5/2025 6:00,9/5/2025,6,Support,14,13,85,85,0,0.00,415,0.754,92.9,-9.3,OK,-1,52.0,0.757,0.85
9/5/2025 7:00,9/5/2025,7,Support,14,14,85,85,0,0.00,433,0.73,97.3,4.5,OK,0,18.6,0.895,0.85
9/2/2025 19:00,9/2/2025,19,Support,8,8,86,49,37,43.00,460,0.783,96.3,3.9,MISS,0,11.5,0.889,0.85
9/9/2025 7:00,9/9/2025,7,Support,14,13,88,77,11,12.50,437,0.719,92.8,4.9,MISS,-1,11.1,0.899,0.85
9/3/2025 6:00,9/3/2025,6,Support,13,13,90,84,6,6.70,445,0.799,100,-6.7,OK,0,48.7,0.783,0.85
9/10/2025 19:00,9/10/2025,19,Support,8,8,90,50,40,44.40,429,0.745,99.5,-3.6,OK,0,111.6,0.814,0.85
9/3/2025 18:00,9/3/2025,18,Support,8,7,92,48,44,47.80,437,0.832,87.1,-12,OK,-1,87.4,0.73,0.85
9/2/2025 7:00,9/2/2025,7,Support,14,14,93,86,7,7.50,443,0.756,100,-2.4,MISS,0,42.6,0.826,0.85
9/4/2025 6:00,9/4/2025,6,Support,14,13,93,93,0,0.00,410,0.815,93,-8.8,OK,-1,55.7,0.762,0.85
9/1/2025 7:00,9/1/2025,7,Support,14,13,94,93,1,1.10,366,0.727,95.2,-2.8,OK,-1,30.6,0.822,0.85
9/2/2025 11:00,9/2/2025,11,Sales,12,10,94,87,7,7.40,301,0.727,86.1,3.8,MISS,-2,8.3,0.838,0.8
9/3/2025 15:00,9/3/2025,15,Support,14,12,94,80,14,14.90,394,0.73,87.1,1.6,MISS,-2,19.4,0.866,0.85
9/8/2025 7:00,9/8/2025,7,Support,14,14,95,95,0,0.00,420,0.792,100,-2.3,OK,0,52.7,0.827,0.85
9/2/2025 10:00,9/2/2025,10,Support,15,13,96,84,12,12.50,424,0.761,91.8,-0.5,OK,-2,109.7,0.845,0.85
9/10/2025 6:00,9/10/2025,6,Support,14,13,96,96,0,0.00,413,0.847,91.4,-8.4,OK,-1,44.2,0.766,0.85
9/5/2025 16:00,9/5/2025,16,Support,13,12,98,87,11,11.20,383,0.771,93.9,1.2,MISS,-1,6.5,0.862,0.85
9/8/2025 9:00,9/8/2025,9,Support,14,13,99,86,13,13.10,497,0.913,93.3,-13.8,OK,-1,83.9,0.712,0.85
9/4/2025 16:00,9/4/2025,16,Support,14,13,100,78,22,22.00,423,0.705,91.7,6.8,MISS,-1,19.9,0.918,0.85
9/2/2025 12:00,9/2/2025,12,Support,14,13,101,101,0,0.00,375,0.809,90.8,-7.2,MISS,-1,50.4,0.778,0.85
9/4/2025 18:00,9/4/2025,18,Sales,12,12,101,101,0,0.00,280,0.655,98,12.4,OK,0,7.0,0.924,0.8
9/3/2025 17:00,9/3/2025,17,Support,15,15,103,103,0,0.00,422,0.805,98.4,-4.6,OK,0,55.6,0.804,0.85
9/8/2025 15:00,9/8/2025,15,Sales,12,12,103,103,0,0.00,307,0.732,100,6.2,OK,0,14.2,0.862,0.8
9/3/2025 7:00,9/3/2025,7,Support,14,14,105,105,0,0.00,449,0.935,100,-17.3,OK,0,50.4,0.677,0.85
9/3/2025 13:00,9/3/2025,13,Support,13,12,105,92,13,12.40,383,0.816,90.8,-6.3,OK,-1,101.6,0.787,0.85
9/10/2025 16:00,9/10/2025,16,Sales,11,9,105,94,11,10.50,310,0.899,80.9,-8.6,MISS,-2,108.6,0.714,0.8
9/6/2025 8:00,9/6/2025,8,Support,14,13,106,91,15,14.20,442,0.859,95.9,-9.5,OK,-1,93.8,0.755,0.85
9/7/2025 6:00,9/7/2025,6,Support,13,13,107,107,0,0.00,347,0.793,100,-3.1,OK,0,45.5,0.819,0.85
9/2/2025 14:00,9/2/2025,14,Support,15,15,108,107,1,0.90,439,0.87,100,-11.7,OK,0,47.7,0.733,0.85
9/4/2025 14:00,9/4/2025,14,Support,13,11,108,97,11,10.20,395,0.968,85.1,-22.9,OK,-2,109.7,0.621,0.85
9/2/2025 6:00,9/2/2025,6,Support,14,13,109,84,25,22.90,520,0.933,95.2,-11,OK,-1,88.6,0.74,0.85
9/8/2025 16:00,9/8/2025,16,Support,14,14,109,95,14,12.80,408,0.769,100,-0.8,OK,0,76.7,0.842,0.85
9/1/2025 6:00,9/1/2025,6,Support,14,13,110,87,23,20.90,467,0.868,91.7,-14.1,OK,-1,70.1,0.709,0.85
9/7/2025 12:00,9/7/2025,12,Support,14,14,110,107,3,2.70,393,0.834,100,-9.3,OK,0,36.1,0.757,0.85
9/10/2025 11:00,9/10/2025,11,Sales,12,11,110,86,24,21.80,333,0.723,87.3,8.6,MISS,-1,11.9,0.886,0.8
9/6/2025 14:00,9/6/2025,14,Support,14,13,111,90,21,18.90,439,0.844,93.8,-6.1,MISS,-1,74.1,0.789,0.85
9/3/2025 8:00,9/3/2025,8,Support,14,14,112,105,7,6.20,460,0.958,100,-17.1,MISS,0,45.4,0.679,0.85
9/8/2025 8:00,9/8/2025,8,Support,14,13,112,89,23,20.50,401,0.763,90.7,-4.1,OK,-1,78.2,0.809,0.85
9/10/2025 15:00,9/10/2025,15,Support,14,13,112,112,0,0.00,381,0.912,91.5,-10.6,OK,-1,40.1,0.744,0.85
9/1/2025 14:00,9/1/2025,14,Support,14,14,113,111,2,1.80,416,0.916,97.5,-10.7,OK,0,58.1,0.743,0.85
9/8/2025 16:00,9/8/2025,16,Sales,12,12,113,113,0,0.00,322,0.842,99.8,-1.4,OK,0,56.9,0.786,0.8
9/9/2025 19:00,9/9/2025,19,Sales,11,11,113,113,0,0.00,262,0.748,99.8,-1.4,OK,0,33.4,0.786,0.8
9/7/2025 13:00,9/7/2025,13,Support,14,13,114,88,26,22.80,436,0.82,94.6,-10.4,OK,-1,75.5,0.746,0.85
9/7/2025 14:00,9/7/2025,14,Support,15,13,114,114,0,0.00,388,0.945,85.9,-16.3,MISS,-2,55.5,0.687,0.85
9/10/2025 17:00,9/10/2025,17,Sales,12,11,114,114,0,0.00,303,0.872,91.9,-4.3,MISS,-1,43.2,0.757,0.8
9/7/2025 17:00,9/7/2025,17,Sales,12,11,115,113,2,1.70,316,0.902,91.8,-9.9,OK,-1,40.4,0.701,0.8
9/3/2025 10:00,9/3/2025,10,Support,14,14,117,103,14,12.00,391,0.799,100,-4.4,MISS,0,119.7,0.806,0.85
9/5/2025 10:00,9/5/2025,10,Support,14,14,117,111,6,5.10,431,0.949,100,-21.8,OK,0,33.2,0.632,0.85
9/7/2025 11:00,9/7/2025,11,Support,14,13,117,106,11,9.40,441,0.999,91.1,-23.2,MISS,-1,48.8,0.618,0.85
9/8/2025 19:00,9/8/2025,19,Sales,12,11,117,116,1,0.90,275,0.806,90.6,0.9,OK,-1,9.7,0.809,0.8
9/5/2025 13:00,9/5/2025,13,Support,13,13,118,102,16,13.60,419,0.913,98.7,-16.3,MISS,0,105.1,0.687,0.85
9/8/2025 17:00,9/8/2025,17,Sales,12,12,118,118,0,0.00,334,0.912,99.1,-10.4,OK,0,38.9,0.696,0.8
9/9/2025 16:00,9/9/2025,16,Support,13,13,118,91,27,22.90,482,0.937,100,-11.4,MISS,0,84.1,0.736,0.85
9/7/2025 13:00,9/7/2025,13,Sales,12,12,119,116,3,2.50,289,0.776,100,5.1,OK,0,10.2,0.851,0.8
9/1/2025 18:00,9/1/2025,18,Sales,12,10,121,121,0,0.00,280,0.941,83,-13,OK,-2,44.8,0.67,0.8
9/4/2025 13:00,9/4/2025,13,Support,13,11,121,96,25,20.70,402,0.975,83.3,-19.7,OK,-2,116.9,0.653,0.85
9/7/2025 16:00,9/7/2025,16,Support,14,14,121,96,25,20.70,427,0.813,100,-6.7,MISS,0,118.9,0.783,0.85
9/1/2025 16:00,9/1/2025,16,Support,15,13,122,83,39,32.00,434,0.77,88.4,1.3,OK,-2,6.9,0.863,0.85
9/3/2025 16:00,9/3/2025,16,Support,14,14,122,92,30,24.60,414,0.756,100,-4.1,OK,0,83.1,0.809,0.85
9/4/2025 7:00,9/4/2025,7,Support,14,14,122,91,31,25.40,424,0.766,100,-3,OK,0,72.4,0.82,0.85
9/7/2025 14:00,9/7/2025,14,Sales,12,11,122,122,0,0.00,256,0.789,92.5,-0.1,MISS,-1,33.6,0.799,0.8
9/9/2025 11:00,9/9/2025,11,Sales,12,11,122,100,22,18.00,328,0.828,95.9,-5.8,OK,-1,83.4,0.742,0.8
9/1/2025 8:00,9/1/2025,8,Sales,12,10,123,89,34,27.60,343,0.848,83.3,-10.1,MISS,-2,80.1,0.699,0.8
9/7/2025 15:00,9/7/2025,15,Sales,12,11,123,95,28,22.80,322,0.772,93.2,-0.7,OK,-1,85.1,0.793,0.8
9/7/2025 16:00,9/7/2025,16,Sales,12,12,123,123,0,0.00,324,0.922,100,-6.2,MISS,0,33.0,0.738,0.8
9/1/2025 14:00,9/1/2025,14,Sales,12,11,125,98,27,21.60,311,0.77,90.8,0.1,OK,-1,6.5,0.801,0.8
9/1/2025 17:00,9/1/2025,17,Support,14,14,125,99,26,20.80,448,0.88,100,-16.7,OK,0,82.5,0.683,0.85
9/5/2025 8:00,9/5/2025,8,Sales,12,12,125,116,9,7.20,263,0.706,98,7.8,OK,0,16.0,0.878,0.8
9/6/2025 12:00,9/6/2025,12,Support,14,14,125,96,29,23.20,461,0.878,97.4,-8.8,OK,0,87.4,0.762,0.85
9/8/2025 17:00,9/8/2025,17,Support,14,14,125,90,35,28.00,484,0.864,100,-10,OK,0,110.0,0.75,0.85
9/10/2025 18:00,9/10/2025,18,Sales,12,11,125,101,24,19.20,305,0.778,92.7,3.5,MISS,-1,12.3,0.835,0.8
9/6/2025 17:00,9/6/2025,17,Support,14,14,126,86,40,31.70,440,0.751,99.2,2.1,OK,0,8.9,0.871,0.85
9/8/2025 15:00,9/8/2025,15,Support,14,14,126,105,21,16.70,427,0.89,96.4,-18,MISS,0,81.7,0.67,0.85
9/1/2025 13:00,9/1/2025,13,Sales,11,11,127,114,13,10.20,294,0.846,99.2,-0.9,OK,0,111.7,0.791,0.8
9/3/2025 13:00,9/3/2025,13,Sales,12,11,127,114,13,10.20,307,0.884,91.3,-8.7,MISS,-1,118.8,0.713,0.8
9/4/2025 8:00,9/4/2025,8,Sales,12,11,127,121,6,4.70,331,1.011,88.8,-18.7,MISS,-1,54.3,0.613,0.8
9/9/2025 12:00,9/9/2025,12,Support,14,13,127,97,30,23.60,450,0.933,93.6,-12.9,OK,-1,117.7,0.721,0.85
9/10/2025 13:00,9/10/2025,13,Sales,12,11,127,127,0,0.00,263,0.843,95.6,-5.7,MISS,-1,34.3,0.743,0.8
9/1/2025 9:00,9/1/2025,9,Support,13,12,128,94,34,26.60,433,0.942,92.1,-18.8,OK,-1,91.3,0.662,0.85
9/2/2025 17:00,9/2/2025,17,Support,14,14,128,122,6,4.70,413,1,100,-26.5,OK,0,35.2,0.585,0.85
9/5/2025 9:00,9/5/2025,9,Support,13,13,128,107,21,16.40,426,0.974,100,-18.6,MISS,0,60.8,0.664,0.85
9/5/2025 12:00,9/5/2025,12,Support,14,13,128,102,26,20.30,434,0.946,90.4,-18.4,OK,-1,74.3,0.666,0.85
9/6/2025 18:00,9/6/2025,18,Sales,12,12,128,110,18,14.10,308,0.784,100,-1.1,OK,0,67.3,0.789,0.8
9/8/2025 13:00,9/8/2025,13,Sales,12,9,128,91,37,28.90,325,0.913,74.3,-8.5,OK,-3,82.4,0.715,0.8
9/3/2025 17:00,9/3/2025,17,Sales,12,12,129,107,22,17.10,291,0.721,100,7.3,OK,0,14.0,0.873,0.8
9/6/2025 9:00,9/6/2025,9,Sales,12,11,129,129,0,0.00,289,0.941,92.1,-11.7,OK,-1,54.9,0.683,0.8
9/9/2025 16:00,9/9/2025,16,Sales,12,10,129,79,50,38.80,320,0.702,84.5,8.9,OK,-2,11.3,0.889,0.8
9/10/2025 9:00,9/10/2025,9,Sales,13,12,129,95,34,26.40,321,0.706,89.5,12.8,OK,-1,10.1,0.928,0.8
9/2/2025 14:00,9/2/2025,14,Sales,11,10,130,109,21,16.20,295,0.893,90.7,-7.1,OK,-1,81.6,0.729,0.8
9/7/2025 19:00,9/7/2025,19,Sales,12,12,130,104,26,20.00,308,0.741,100,10.5,OK,0,12.0,0.905,0.8
9/8/2025 11:00,9/8/2025,11,Sales,12,12,130,117,13,10.00,346,0.937,97.2,-13.8,OK,0,76.9,0.662,0.8
9/8/2025 12:00,9/8/2025,12,Support,14,13,130,100,30,23.10,431,0.921,88.7,-15.9,OK,-1,107.6,0.691,0.85
9/1/2025 9:00,9/1/2025,9,Sales,12,11,131,106,25,19.10,321,0.859,94.6,-3.8,OK,-1,98.3,0.762,0.8
9/1/2025 12:00,9/1/2025,12,Sales,11,11,131,131,0,0.00,286,0.946,96.9,-12.7,OK,0,45.0,0.673,0.8
9/1/2025 12:00,9/1/2025,12,Support,13,13,131,99,32,24.40,408,0.863,98.4,-8.9,MISS,0,61.4,0.761,0.85
9/3/2025 9:00,9/3/2025,9,Support,14,14,131,96,35,26.70,453,0.863,100,-12,OK,0,82.8,0.73,0.85
9/3/2025 10:00,9/3/2025,10,Sales,12,10,131,88,43,32.80,318,0.777,84.4,1.5,MISS,-2,13.9,0.815,0.8
9/9/2025 9:00,9/9/2025,9,Support,14,14,131,95,36,27.50,407,0.767,100,-3.3,OK,0,76.8,0.817,0.85
9/9/2025 11:00,9/9/2025,11,Support,14,14,131,103,28,21.40,415,0.848,97.9,-10.7,OK,0,115.7,0.743,0.85
9/10/2025 12:00,9/10/2025,12,Support,14,14,131,101,30,22.90,422,0.846,100,-9.8,MISS,0,89.6,0.752,0.85
9/2/2025 10:00,9/2/2025,10,Sales,12,12,132,132,0,0.00,306,0.935,100,-9.4,OK,0,58.9,0.706,0.8
9/7/2025 18:00,9/7/2025,18,Sales,13,12,132,118,14,10.60,302,0.825,95.3,-6.9,MISS,-1,83.0,0.731,0.8
9/10/2025 10:00,9/10/2025,10,Sales,12,12,132,110,22,16.70,288,0.733,98.8,8.4,OK,0,19.6,0.884,0.8
9/1/2025 19:00,9/1/2025,19,Sales,12,12,133,123,10,7.50,275,0.783,99,-2.5,OK,0,32.3,0.775,0.8
9/2/2025 8:00,9/2/2025,8,Support,15,14,133,133,0,0.00,326,0.86,95.4,-9.5,OK,-1,34.1,0.755,0.85
9/2/2025 16:00,9/2/2025,16,Sales,12,12,133,88,45,33.80,363,0.739,100,7.3,OK,0,9.8,0.873,0.8
9/3/2025 19:00,9/3/2025,19,Sales,12,12,133,100,33,24.80,321,0.743,100,0.7,OK,0,16.9,0.807,0.8
9/4/2025 17:00,9/4/2025,17,Support,14,14,133,104,29,21.80,448,0.924,100,-20.9,MISS,0,83.1,0.641,0.85
9/6/2025 16:00,9/6/2025,16,Support,13,13,133,108,25,18.80,432,0.997,98.5,-23.3,OK,0,109.2,0.617,0.85
9/8/2025 14:00,9/8/2025,14,Support,14,14,133,80,53,39.80,451,0.716,100,2.8,MISS,0,12.3,0.878,0.85
9/3/2025 14:00,9/3/2025,14,Sales,12,10,134,90,44,32.80,340,0.85,82,-4.2,OK,-2,98.6,0.758,0.8
9/5/2025 9:00,9/5/2025,9,Sales,12,12,134,115,19,14.20,324,0.863,97.1,-9.3,OK,0,88.1,0.707,0.8
9/6/2025 15:00,9/6/2025,15,Support,15,14,134,89,45,33.60,404,0.713,93,0.4,OK,-1,17.8,0.854,0.85
9/6/2025 17:00,9/6/2025,17,Sales,12,12,134,116,18,13.40,276,0.741,97.4,3,MISS,0,13.9,0.83,0.8
9/7/2025 15:00,9/7/2025,15,Support,14,13,134,73,61,45.50,456,0.711,95.4,0.4,OK,-1,17.5,0.854,0.85
9/9/2025 13:00,9/9/2025,13,Sales,12,12,134,119,15,11.20,302,0.832,100,-3.6,OK,0,101.9,0.764,0.8
9/2/2025 13:00,9/2/2025,13,Support,14,14,135,114,21,15.60,389,0.88,99.4,-5.3,OK,0,95.5,0.797,0.85
9/3/2025 12:00,9/3/2025,12,Support,14,13,135,82,53,39.30,441,0.773,96.1,1.1,MISS,-1,18.9,0.861,0.85
9/4/2025 16:00,9/4/2025,16,Sales,12,12,135,135,0,0.00,290,0.906,95.9,-10.2,OK,0,33.1,0.698,0.8
9/1/2025 10:00,9/1/2025,10,Support,14,13,136,97,39,28.70,385,0.798,89.8,0.5,OK,-1,17.1,0.855,0.85
9/1/2025 11:00,9/1/2025,11,Support,14,14,136,113,23,16.90,434,0.973,99.3,-19,MISS,0,104.8,0.66,0.85
9/9/2025 17:00,9/9/2025,17,Sales,12,10,136,104,32,23.50,285,0.823,79.5,-4.7,MISS,-2,74.6,0.753,0.8
9/3/2025 18:00,9/3/2025,18,Sales,12,12,137,101,36,26.30,307,0.718,100,7.9,OK,0,8.3,0.879,0.8
9/9/2025 13:00,9/9/2025,13,Support,14,13,137,88,49,35.80,420,0.79,92.7,-0.6,OK,-1,97.9,0.844,0.85
9/1/2025 10:00,9/1/2025,10,Sales,12,10,138,100,38,27.50,294,0.817,81.6,-4.7,OK,-2,105.4,0.753,0.8
9/2/2025 9:00,9/2/2025,9,Sales,12,12,138,132,6,4.30,261,0.797,97.3,-2.5,OK,0,41.9,0.775,0.8
9/2/2025 13:00,9/2/2025,13,Sales,12,12,138,107,31,22.50,300,0.743,98.2,6.1,OK,0,12.4,0.861,0.8
9/4/2025 8:00,9/4/2025,8,Support,14,13,138,84,54,39.10,460,0.826,94.6,-7.1,OK,-1,113.3,0.779,0.85
9/4/2025 15:00,9/4/2025,15,Support,14,14,138,107,31,22.50,388,0.824,99.6,-0.6,MISS,0,67.8,0.844,0.85
9/5/2025 14:00,9/5/2025,14,Support,14,14,138,97,41,29.70,369,0.71,100,1.9,OK,0,11.9,0.869,0.85
9/6/2025 10:00,9/6/2025,10,Support,14,13,138,88,50,36.20,426,0.801,91.6,-7.5,OK,-1,110.8,0.775,0.85
9/6/2025 12:00,9/6/2025,12,Sales,11,10,138,110,28,20.30,318,0.972,89.9,-15.7,OK,-1,62.0,0.643,0.8
9/7/2025 9:00,9/7/2025,9,Support,14,13,138,99,39,28.30,377,0.797,95.4,-11.5,OK,-1,81.4,0.735,0.85
9/8/2025 12:00,9/8/2025,12,Sales,12,12,138,131,7,5.10,324,0.983,99.1,-14.1,OK,0,56.3,0.659,0.8
9/1/2025 15:00,9/1/2025,15,Support,14,13,139,93,46,33.10,432,0.858,89.8,-17,OK,-1,109.3,0.68,0.85
9/5/2025 18:00,9/5/2025,18,Sales,12,10,139,119,20,14.40,290,0.959,81.1,-15.9,MISS,-2,60.9,0.641,0.8
9/5/2025 19:00,9/5/2025,19,Sales,12,11,139,112,27,19.40,344,0.973,90.6,-14.1,OK,-1,71.3,0.659,0.8
9/6/2025 11:00,9/6/2025,11,Sales,12,12,139,115,24,17.30,306,0.815,99.9,-2.7,MISS,0,64.4,0.773,0.8
9/6/2025 13:00,9/6/2025,13,Sales,12,11,139,123,16,11.50,303,0.941,90.7,-7.4,OK,-1,83.6,0.726,0.8
9/8/2025 10:00,9/8/2025,10,Support,14,14,139,120,19,13.70,421,1.002,98.6,-20.2,MISS,0,110.1,0.648,0.85
9/8/2025 11:00,9/8/2025,11,Support,14,14,139,97,42,30.20,424,0.816,100,-5.2,OK,0,116.1,0.798,0.85
9/8/2025 18:00,9/8/2025,18,Sales,12,12,139,139,0,0.00,266,0.856,99,-2,MISS,0,43.2,0.78,0.8
9/9/2025 12:00,9/9/2025,12,Sales,12,11,139,124,15,10.80,294,0.921,91.9,-11.7,OK,-1,106.1,0.683,0.8
9/9/2025 15:00,9/9/2025,15,Support,14,13,139,101,38,27.30,365,0.788,91.6,-3.6,OK,-1,65.3,0.814,0.85
9/3/2025 11:00,9/3/2025,11,Support,14,14,140,103,37,26.40,436,0.891,100,-13,MISS,0,66.2,0.72,0.85
9/5/2025 16:00,9/5/2025,16,Sales,12,12,140,98,42,30.00,308,0.699,94.9,11.2,MISS,0,11.8,0.912,0.8
9/6/2025 13:00,9/6/2025,13,Support,14,14,140,113,27,19.30,444,0.995,95.8,-21.5,OK,0,80.7,0.635,0.85
9/4/2025 11:00,9/4/2025,11,Support,14,14,141,94,47,33.30,404,0.753,100,-2,OK,0,104.2,0.83,0.85
9/4/2025 19:00,9/4/2025,19,Sales,12,11,141,102,39,27.70,273,0.703,90.4,3.6,OK,-1,7.0,0.836,0.8
9/1/2025 11:00,9/1/2025,11,Sales,12,11,142,107,35,24.60,290,0.784,87.7,1.9,MISS,-1,17.7,0.819,0.8
9/4/2025 12:00,9/4/2025,12,Sales,11,11,142,124,18,12.70,312,0.977,100,-13.8,OK,0,84.6,0.662,0.8
9/5/2025 11:00,9/5/2025,11,Support,14,14,142,99,43,30.30,402,0.79,100,-4.6,MISS,0,92.8,0.804,0.85
9/6/2025 16:00,9/6/2025,16,Sales,12,10,142,119,23,16.20,306,1.012,83.1,-15.5,MISS,-2,118.3,0.645,0.8
9/8/2025 9:00,9/8/2025,9,Sales,12,12,142,92,50,35.20,330,0.703,100,12.8,OK,0,16.6,0.928,0.8
9/9/2025 15:00,9/9/2025,15,Sales,12,11,142,126,16,11.30,316,1.005,92.8,-27.5,OK,-1,68.6,0.525,0.8
9/9/2025 10:00,9/9/2025,10,Support,14,13,143,76,67,46.90,442,0.718,91.3,-2.1,MISS,-1,89.7,0.829,0.85
9/2/2025 11:00,9/2/2025,11,Support,14,14,144,105,39,27.10,446,0.929,100,-14,OK,0,110.2,0.71,0.85
9/3/2025 9:00,9/3/2025,9,Sales,12,12,144,135,9,6.20,263,0.822,100,3,MISS,0,6.8,0.83,0.8
9/3/2025 8:00,9/3/2025,8,Sales,12,12,145,127,18,12.40,324,0.953,100,-8.9,OK,0,103.9,0.711,0.8
9/6/2025 9:00,9/6/2025,9,Support,14,13,145,99,46,31.70,426,0.901,90.4,-14.4,OK,-1,78.2,0.706,0.85
9/5/2025 15:00,9/5/2025,15,Support,14,14,146,89,57,39.00,408,0.72,100,-5.7,MISS,0,101.9,0.793,0.85
9/9/2025 8:00,9/9/2025,8,Support,15,14,146,89,57,39.00,469,0.828,95,-6.6,OK,-1,82.2,0.784,0.85
9/1/2025 17:00,9/1/2025,17,Sales,13,12,147,114,33,22.40,311,0.821,90.3,3.7,OK,-1,10.0,0.837,0.8
9/6/2025 8:00,9/6/2025,8,Sales,12,12,147,124,23,15.60,285,0.818,99.4,3.7,OK,0,7.0,0.837,0.8
9/6/2025 11:00,9/6/2025,11,Support,14,14,147,108,39,26.50,409,0.876,99.5,-11.6,OK,0,87.7,0.734,0.85
9/9/2025 8:00,9/9/2025,8,Sales,11,11,147,119,28,19.00,297,0.892,98.9,-7.6,OK,0,89.6,0.724,0.8
9/9/2025 10:00,9/9/2025,10,Sales,12,11,147,106,41,27.90,304,0.814,92.1,-1.6,MISS,-1,74.2,0.784,0.8
9/2/2025 19:00,9/2/2025,19,Sales,12,12,148,98,50,33.80,314,0.712,100,6.4,OK,0,14.1,0.864,0.8
9/5/2025 12:00,9/5/2025,12,Sales,12,11,148,127,21,14.20,262,0.84,92,-5.8,OK,-1,91.0,0.742,0.8
9/1/2025 15:00,9/1/2025,15,Sales,12,11,149,149,0,0.00,255,0.959,88.6,-18.9,MISS,-1,45.7,0.611,0.8
9/3/2025 15:00,9/3/2025,15,Sales,12,10,149,107,42,28.20,302,0.898,82.7,-8.2,MISS,-2,115.6,0.718,0.8
9/10/2025 16:00,9/10/2025,16,Support,14,14,149,94,55,36.90,442,0.824,100,-7.6,OK,0,98.3,0.774,0.85
9/4/2025 12:00,9/4/2025,12,Support,14,14,151,103,48,31.80,429,0.877,98.1,-12.3,OK,0,86.5,0.727,0.85
9/6/2025 14:00,9/6/2025,14,Sales,12,12,151,115,36,23.80,347,0.924,100,-15.1,MISS,0,66.1,0.649,0.8
9/4/2025 17:00,9/4/2025,17,Sales,12,12,152,114,38,25.00,326,0.86,98.7,-6.6,OK,0,106.9,0.734,0.8
9/10/2025 8:00,9/10/2025,8,Support,14,12,152,94,58,38.20,385,0.838,84.2,-5.2,MISS,-2,67.6,0.798,0.85
9/10/2025 12:00,9/10/2025,12,Sales,12,12,152,152,0,0.00,270,0.95,99,-9.2,OK,0,30.2,0.708,0.8
9/10/2025 14:00,9/10/2025,14,Sales,12,11,152,119,33,21.70,301,0.905,91.9,-12.6,OK,-1,111.6,0.674,0.8
9/5/2025 8:00,9/5/2025,8,Support,14,14,153,71,82,53.60,501,0.706,99.9,5.1,OK,0,9.7,0.901,0.85
9/7/2025 10:00,9/7/2025,10,Support,14,13,153,93,60,39.20,356,0.707,92.9,2.8,OK,-1,5.9,0.878,0.85
9/4/2025 13:00,9/4/2025,13,Sales,12,11,154,135,19,12.30,290,0.989,92.9,-14.8,OK,-1,89.3,0.652,0.8
9/7/2025 12:00,9/7/2025,12,Sales,12,12,154,141,13,8.40,270,0.881,100,-5.5,MISS,0,35.3,0.745,0.8
9/1/2025 8:00,9/1/2025,8,Support,14,14,155,99,56,36.10,407,0.799,100,-2.1,MISS,0,64.2,0.829,0.85
9/2/2025 18:00,9/2/2025,18,Sales,11,11,155,121,34,21.90,304,0.929,96.8,-13,OK,0,110.9,0.67,0.8
9/5/2025 15:00,9/5/2025,15,Sales,12,10,155,104,51,32.90,297,0.858,80.7,-4,MISS,-2,111.9,0.76,0.8
9/7/2025 11:00,9/7/2025,11,Sales,12,11,155,118,37,23.90,294,0.876,90.5,-7.1,MISS,-1,111.3,0.729,0.8
9/8/2025 8:00,9/8/2025,8,Sales,12,12,155,120,35,22.60,322,0.894,100,-9.4,OK,0,90.5,0.706,0.8
9/4/2025 9:00,9/4/2025,9,Sales,12,12,156,150,6,3.80,282,0.979,100,-16.1,OK,0,47.7,0.639,0.8
9/4/2025 9:00,9/4/2025,9,Support,15,15,156,138,18,11.50,384,0.981,99.5,-24.9,MISS,0,85.6,0.601,0.85
9/5/2025 10:00,9/5/2025,10,Sales,12,12,156,145,11,7.10,301,1.01,98.7,-19.5,OK,0,45.7,0.605,0.8
9/9/2025 18:00,9/9/2025,18,Sales,12,12,156,118,38,24.40,325,0.888,100,-10.4,OK,0,101.1,0.696,0.8
9/6/2025 15:00,9/6/2025,15,Sales,13,13,157,147,10,6.40,239,0.751,100,-0.5,OK,0,59.7,0.795,0.8
9/9/2025 14:00,9/9/2025,14,Support,14,14,157,99,58,36.90,387,0.76,100,-2.9,OK,0,108.2,0.821,0.85
9/2/2025 12:00,9/2/2025,12,Sales,13,12,158,118,40,25.30,311,0.849,92.2,-4.3,OK,-1,114.2,0.757,0.8
9/3/2025 11:00,9/3/2025,11,Sales,12,12,158,133,25,15.80,286,0.881,99.8,-3.1,OK,0,105.4,0.769,0.8
9/4/2025 10:00,9/4/2025,10,Support,14,14,158,94,64,40.50,403,0.752,100,1.9,OK,0,17.9,0.869,0.85
9/4/2025 15:00,9/4/2025,15,Sales,12,11,158,119,39,24.70,297,0.892,95.2,-4.7,MISS,-1,74.3,0.753,0.8
9/8/2025 14:00,9/8/2025,14,Sales,12,11,158,118,40,25.30,311,0.927,91,-8.8,MISS,-1,82.7,0.712,0.8
9/2/2025 15:00,9/2/2025,15,Sales,12,11,159,155,4,2.50,257,1.006,93,-20.3,OK,-1,50.5,0.597,0.8
9/2/2025 8:00,9/2/2025,8,Sales,12,11,160,125,35,21.90,316,0.997,88.6,-18.5,OK,-1,66.6,0.615,0.8
9/10/2025 9:00,9/10/2025,9,Support,14,13,160,109,51,31.90,384,0.894,93.7,-14.2,OK,-1,82.1,0.708,0.85
9/3/2025 14:00,9/3/2025,14,Support,15,15,161,122,39,24.20,387,0.874,98.2,-12,OK,0,79.2,0.73,0.85
9/1/2025 16:00,9/1/2025,16,Sales,11,11,162,139,23,14.20,219,0.769,100,9.2,MISS,0,18.4,0.892,0.8
9/4/2025 10:00,9/4/2025,10,Sales,12,11,162,122,40,24.70,276,0.85,94.3,-5,OK,-1,75.1,0.75,0.8
9/9/2025 14:00,9/9/2025,14,Sales,12,12,162,148,14,8.60,296,1.014,99.9,-23.3,OK,0,35.6,0.567,0.8
9/2/2025 15:00,9/2/2025,15,Support,14,14,164,103,61,37.20,454,0.928,100,-14.4,OK,0,119.6,0.706,0.85
9/10/2025 13:00,9/10/2025,13,Support,14,14,164,138,26,15.90,371,1.016,94.3,-30.5,OK,0,114.8,0.545,0.85
9/2/2025 16:00,9/2/2025,16,Support,14,14,165,112,53,32.10,408,0.907,97.5,-22.7,MISS,0,113.6,0.623,0.85
9/3/2025 12:00,9/3/2025,12,Sales,12,11,165,123,42,25.50,293,0.91,90.1,-9.2,OK,-1,104.7,0.708,0.8
9/5/2025 11:00,9/5/2025,11,Sales,12,10,165,96,69,41.80,280,0.747,84.5,4.9,OK,-2,17.5,0.849,0.8
9/5/2025 13:00,9/5/2025,13,Sales,12,12,165,128,37,22.40,270,0.8,100,1.4,MISS,0,9.8,0.814,0.8
9/9/2025 17:00,9/9/2025,17,Support,14,14,165,94,71,43.00,432,0.806,100,-7.3,OK,0,78.5,0.777,0.85
9/5/2025 17:00,9/5/2025,17,Support,14,14,166,117,49,29.50,434,1.008,100,-28.4,MISS,0,72.1,0.566,0.85
9/8/2025 10:00,9/8/2025,10,Sales,12,12,168,149,19,11.30,273,0.942,100,-15.1,OK,0,108.3,0.649,0.8
9/10/2025 15:00,9/10/2025,15,Sales,12,12,168,149,19,11.30,270,0.931,100,-9.7,OK,0,91.4,0.703,0.8
9/10/2025 17:00,9/10/2025,17,Support,14,13,168,114,54,32.10,352,0.857,91.9,-9.5,OK,-1,66.7,0.755,0.85
9/10/2025 19:00,9/10/2025,19,Sales,12,12,168,138,30,17.90,284,0.907,98.1,-7.3,OK,0,114.5,0.727,0.8
9/5/2025 14:00,9/5/2025,14,Sales,13,12,169,134,35,20.70,284,0.881,89.8,-3.1,OK,-1,102.6,0.769,0.8
9/7/2025 8:00,9/7/2025,8,Support,15,15,174,112,62,35.60,418,0.867,96.5,-9,OK,0,79.9,0.76,0.85
9/8/2025 13:00,9/8/2025,13,Support,14,14,174,119,55,31.60,413,0.975,99.2,-24.1,OK,0,61.8,0.609,0.85
9/10/2025 10:00,9/10/2025,10,Support,14,14,175,100,75,42.90,380,0.754,99.7,-1.9,MISS,0,70.8,0.831,0.85
9/10/2025 11:00,9/10/2025,11,Support,15,15,175,125,50,28.60,411,0.951,100,-15.8,MISS,0,75.3,0.692,0.85
9/7/2025 17:00,9/7/2025,17,Support,14,14,177,92,85,48.00,442,0.807,100,-7.9,OK,0,104.9,0.771,0.85
9/3/2025 16:00,9/3/2025,16,Sales,13,12,178,147,31,17.40,289,0.983,93,-15.7,MISS,-1,115.4,0.643,0.8
9/2/2025 17:00,9/2/2025,17,Sales,12,12,179,147,32,17.90,254,0.864,100,-3.3,OK,0,96.2,0.767,0.8
9/4/2025 11:00,9/4/2025,11,Sales,12,12,179,147,32,17.90,298,1.014,100,-22,OK,0,63.6,0.58,0.8
9/7/2025 8:00,9/7/2025,8,Sales,12,12,180,138,42,23.30,304,0.971,97.8,-21.3,OK,0,113.7,0.587,0.8
9/10/2025 14:00,9/10/2025,14,Support,14,14,181,123,58,32.00,389,0.949,99.1,-20.1,MISS,0,106.7,0.649,0.85
9/2/2025 9:00,9/2/2025,9,Support,14,14,184,116,68,37.00,356,0.819,100,-8.5,OK,0,77.4,0.765,0.85
9/7/2025 9:00,9/7/2025,9,Sales,13,13,185,168,17,9.20,283,1.016,99.3,-19.2,OK,0,53.8,0.608,0.8
9/9/2025 9:00,9/9/2025,9,Sales,12,12,188,113,75,39.90,296,0.774,100,1,OK,0,10.1,0.81,0.8
9/7/2025 10:00,9/7/2025,10,Sales,12,12,189,100,89,47.10,325,0.752,99,3.2,MISS,0,12.1,0.832,0.8
9/4/2025 14:00,9/4/2025,14,Sales,12,12,190,132,58,30.50,323,0.987,98.7,-14.6,MISS,0,74.3,0.654,0.8
9/6/2025 19:00,9/6/2025,19,Sales,12,12,190,123,67,35.30,299,0.851,100,-5.9,MISS,0,66.8,0.741,0.8
9/10/2025 8:00,9/10/2025,8,Sales,13,13,193,146,47,24.40,326,1.017,98.7,-17.3,OK,0,116.5,0.627,0.8
9/6/2025 10:00,9/6/2025,10,Sales,13,13,201,162,39,19.40,278,0.962,100,-11.3,OK,0,115.7,0.687,0.8
9/1/2025 13:00,9/1/2025,13,Support,15,14,203,109,94,46.30,425,0.919,94.5,-15.5,OK,-1,119.4,0.695,0.85
